query,doc,doc_neg
长途物流,上海汽车托运全国物流 轿车托运汽车全国 车辆托运私家车驿际物流,网页轮播图科技感活动banner模板全屏横幅ui运营海报psd设计素材
索强锂电钻,索强新款森威36f电钻充电手电钻锂电钻电动螺丝刀锂电池充电器甩,小女孩棉衣今年新款洋气时尚黑色可爱公主风女童冬季棉袄2021新款
买豆腐木质大的五层,竹木酒店小号保温豆花盖米饭蒸饭商用饭桶家用小餐厅饭带木桶大小,适用 现代 起亚 途胜 k5 索纳塔 1.6t三元催化器 消声器头段全新
糖胺软骨素,汤臣倍健健力多氨糖软骨素钙100片 成人中老年补钙片 增强骨密度,周六福同款2021新款森之鹿套链女小众设计高级感项链s925银银饰
烧烤炉子家用,韩式碳烤炉商用铸铁烧烤炉炭火烤肉炉韩国烤肉锅家用烧烤盘烧烤架,德国进口十字电动磁性批头 特级起子头加长防滑电钻磁圈电批
假设像头,仿真海螺监控圆形仿真摄像头假监控器假摄像头仿真监控假带灯白色,高档合金筷子食品级酒店专用家用商用餐厅公筷耐高温金龙防滑10双
夜光漂,纳米电子漂日夜两用醒目高灵敏加粗漂尾鲫鱼专用高灵敏鲢鳙浮漂,适配aj运动鞋垫高弹减震舒适除臭吸汗透气军训跑步休闲篮球增高垫
周大福官方旗舰店官网,周大福enzo舞狮狮子足金黄金转运珠手绳 ezr145送礼,ea国潮刺绣醒狮短袖boy锦鲤宽松ins情侣装中国风宽松男女夏季t恤
优瞳小熊猫侠,【1副拍2】优瞳隐形眼镜半年抛小黄芯防蓝光1片近视高清透明正品,反季2021冬天新款过膝羽绒棉服女中长款棉衣韩版宽松棉袄女装外套
13款捷达棚灯总成,长城哈弗h5 h3 后阅读灯 后顶灯总成原厂后顶棚照明灯 原厂件,碳氧全科学习笔词典笔点读笔翻译笔高中电子词典英语扫描笔
查普曼装甲门,华道装甲门入户门双面双色室内隔音联动甲级防盗进户门家用,带过滤网智能马桶角阀4分转6分全铜一进二出坐便器进水管阀门开关
花滑护臀,炫舞精灵  花样滑冰儿童成人溜冰滑雪外穿轮滑运动护具护尾骨短裤,大物太空豆特大号20 30号线9粒顶豆散装渔具线组配件
高尔夫模拟器,高清 模拟高尔夫 上门安装 一年质保 深圳倚天达 室内高尔夫设备,日系手账贴纸少女心手帐可爱人物装饰小图案小贴画卡通和纸手账贴纸包ins素材生活日记本diy手帐贴纸一本文具
大牌狗狗包,潮牌2021新款便携带时尚百搭手提大包潮遛狗单肩包斜挎包宠物背包,狗狗玩具漏食球磨牙棒洁齿刷牙狗咬橄榄球金毛柯基大型犬幼犬漏食
爱肤宜脱毛膏,脱毛膏不永久全身去腋下腿毛腋毛私处神器男女士专用非喷雾慕斯,【直营】日本进口陶瓷碗古伊万里和风餐具日式汤拉面碗复古盘子碗
羽绒被,【会员回馈礼】博洋抑菌95白鹅绒冬被暄暖&mdash;白色,100%纯棉被套单件单人双人全棉1.5/1.8/2m/2.2米清仓处理亏本甩卖
唱歌教程,琵琶教学课程在线学习班视频教学课程12节课名师视频面对面琵琶课,专柜同步 汉派hh系列2021秋款新品女装 宽松休闲棒球服太空棉外套
phenix 两用 帽子,phenix菲尼克斯 ski 竞技系列 大男童双面戴保暖针织帽psag8hw86,文昌塔摆件 铜塔摆设居家工艺装饰品开业礼品 九层特小号紫铜色
软装设计服务,上海室内家装装修设计软装纯设计师服务精装房民宿咨询方案效果图,知味观龙井茶酥饼点心传统糕点特色小吃杭州特产零食绿豆饼下午茶
刘邦传,刘邦大传：以弱胜强,iphone12/13手机壳创意潮牌透明天使眼暴力熊保护套苹果11promax全包xsmax/xr情侣7p/8plus防摔12m
艾乐维,爱乐维复合维生素片100片备孕哺乳期孕妇孕前孕中孕后补充叶酸片,石英钟 挂钟支架 工艺品摆放支架 客厅时尚创意时钟 壁钟装 桌摆
磨冰刀架子,速滑冰刀磨刀架 专业铝合金磨刀机 短道大道冰刀鞋磨刀高精度找平,中年女冬装加绒加厚毛衣小衫2021年妈妈套头高领针织衫打底衫上衣
恒必拓,ppt制作代做美化写修改工作设计总结汇报述职企业宣传路演讲课件,吉利远景2018款1.5l自动幸福版汽车坐垫四季专用冰丝全包座垫座套
琥珀色茶壶,利快冷水壶凉水壶玻璃耐高温家用装水大容量果汁透明水杯茶壶套装,2021秋冬新款小个子百搭卫衣女加绒加厚胖妹妹时尚慵懒风休闲上衣
黄色火龙果,【水果】黄龙珠果6-8粒/盒 2-2.5kg 新加坡本地发货,定制实木木板材料一字隔板置物架衣柜分层隔搁板原薄木板片实木板
洗澡凳,宝宝洗澡坐椅婴儿洗澡神器新生儿童洗澡浴盆座椅可坐躺托防滑浴凳,良品铺子红丝绒黑白色经典涂层蛋糕点心营养早餐面包网红零食品
足金的线,壹仟俩珠宝黄金雪花耳线女款 999足金时尚耳钉耳饰耳坠圣诞节礼物,南极人高跟鞋防掉神器黑色蕾丝花朵边鞋跟套固定鞋子不跟脚束鞋带
方胖子内胆包皮,【lily手作】方胖子编织包材料包 有视频教程 非成品,gagaopt夏天清爽拼接扎染圆领无袖背心女ins短款露脐外穿上衣潮酷
巢虫清膏，中蜂使用,养蜂药巢虫清木片喷剂巢虫膏巢虫药中蜂白头蛹棉虫条养蜜蜂工具,儿1童大号桌球男孩益智小孩迷你台球桌家用大人5亲子玩具6-0岁8
铠甲勇士皮套,赵信屠龙勇士英雄的联盟皮套1:1可穿戴头盔摆件盔甲eva道具cos服,茜可可派克服女中长款新款真貉子毛领宽松收腰服
金泰昌养生足浴盆传感器tc-9057,金红泰昌足浴盆泡脚盆tc-2017b温度传感器 温控感应头通用配件,水貂绒外套女2021年新款连帽女士毛衣针织开衫春秋冬宽松短款百搭
仿银票,清代十二皇帝银票大全套图册仿古纸币钱币古董收藏送册子古玩杂项,2022 fischer 奥地利 菲舍尔 the curv 110mv 99mm鞋楦双板滑雪鞋
狗头头套,狗头套人戴神烦狗面具宠物狗沙皮狗头套动物乳胶面具忠犬八公面具,裤子女2021新款秋冬款外穿高腰加绒加厚灯芯绒松紧腰开叉微喇长裤
裹胸新款2021爆款,无肩带抹胸隐形内衣套文胸外防走光裹胸少女高中学生薄款蕾丝打底,175女装高个子穿搭店铺加长加厚棒球服韩版宽松夹克毛呢外套秋冬
reupevent线上商店,「清仓福利」睡衣睡袍女秋冬季珊瑚绒睡衣卡通可爱睡袍加厚可外穿,绘本 爸爸我要月亮(精) 信谊精选图画书 亲子阅读书籍 宝宝睡前晚安故事书 畅销经典儿童读物 1-3-6岁幼儿童启蒙早教精装绘本
电摩电瓶连接线防阻燃,电动车电瓶线电池连接线48v60v72v84v并联电池线纯铜6平方串联线,厂家直销高纯石墨板抗氧化防腐耐高温电极板石墨块400*200-400*3
airpodspro,apple/苹果 airpods pro 主动降噪 新款无线蓝牙耳机 3代pro正品,cy- cherry7159三角袋盖一扣洗水纹高弹裤脚翻边哈伦白色牛仔裤女
剃片机,立式刹车片冲铆机电动液压铆机刹车蹄铆接机蹄片机头盔铆钉机工具,2019款骐铃t7皮卡车汽车坐垫专用2.2l手动两驱精锐版加长轴距v22
玉镯女,缅甸翡翠手镯晴水料蓝底老坑冰种飘花圆条玉手镯贵妃玉镯子少女镯,新生的儿满月纪念推荐宝宝手脚印泥胎毛瓶品手足印手印脚印百天相
儿童宝宝条纹打底长衫t恤百搭韩国男童女童2022,宽松打底t男女童中性款百搭长袖衫2022春秋儿童韩版文艺范t恤衫,回力雪地靴女2021年新款冬季皮毛一体百搭棉鞋加绒加厚短筒洋气马
杰狮m100尿素盖,尿素箱盖适配徐工汉风重卡 红岩杰狮三一重工尿素罐 桶壶加液盖子,强磁条 条形 长条磁钢p钕磁铁 方块工具吸条片吸铁条强力磁铁小块
汤力水,屈臣氏苏打水watsons/苏打汽水330ml*6罐装鸡尾酒调料饮用水,2021年新米上市！东北五常大米 龙凤稻浪稻花香米 10kg 包邮
缠绕自行车把手泡沫条带,专业防滑公路车把带绑带自行车防滑带彩色把带耐磨防滑骑行装备,isabel marant男士拼色logo印花卫衣farfetch发发奇
乐星熊,儿童玩具速度球立式不倒翁发泄球拳击手套训练器沙袋小孩家用练习,【星梦】原创v领毛衣女学生jk制服套头上衣长袖慵懒风外穿针织衫?
山鬼洗衣机清洁剂,韩国进口沙郎海山鬼洗衣机清洗剂槽内杀菌消毒家用滚筒式波轮3包,anos那不勒斯条纹修身西裤 经典巴黎扣商务绅士单褶翻边西服裤子
消瘰丸，说明书,惠氏指纹锁说明书,浴室柜陶瓷一体盆洗手盆洗脸盆柜组合卫生间洗手台现代简约卫浴柜
震动器楼房反击,振楼整楼震助手多功能作用震楼器天花板振动器验房用敲鼓锤工具,消毒柜筷子篮勺子筷子收纳盒家用不锈钢筷子沥水架防掉网收纳筒篓
中科美瑞,低频共振活水仪mret专利技术7.8hz赫兹水健康胞细直饮水厂家直销,评书听相声小品二人转收音机音2g戏曲机唱歌曲老人tf内存卡mp33频
时候继电器,ah2-y ah2-y2 延时 时间继电器 ac220v 24v 380v 旋钮指针型 8脚,深岩银河存档修改  支持steam平台 满资源通行证节点装备武器皮肤
ouslong,法国进口红酒欧狮龙波尔多干红葡萄酒高级aoc赤霞珠750ml热红酒,纯棉被套单件小碎花全棉ins小清新被罩单人150x200x230床上四件套
珠绣diy,珠艺馆原创【小梦马】法式刺绣立体钉珠绣胸针新手材料包视频教程,宝格丽【桃夭】925纯银小桃花编织花朵手链女手绳个性手饰闺蜜
鞋架置物架,简易鞋架子家用门口经济型金属鞋柜收纳室内好看简易防尘宿舍神器,轻盈通勤胶囊之1！一手长马卡龙翻领羊毛羊绒大衣2色fy0354
机动车驾驶培训机构开业许可条件,（当当网正版图书）《机动车驾驶员培训机构资格条件》（gb/t 3//,袜子男短袜春夏季短筒浅口船袜棉袜低帮运动袜薄隐形袜男袜ins潮
钢珠射击器,弹弓高精度大全大威力扁皮弹弓驽弓箭反曲弓专复合弓玩具打钢珠弓,派克服女2021冬季新款中长款狐狸毛领可拆卸獭兔毛内胆皮草外套女
宝马x1手机号,宝马3系5系x1x3x4x5x6车载移停车牌手机号码牌创意临时挪车电话牌,秋季童装日系儿童工装衬衫男童衬衣酷帅男孩长袖上衣翻领外套宝宝
阳台设计效果图,广州木阳台吊顶改造墙面护墙防水防晒花架防腐木地板铺设装修安装,瘦瘦靴女短筒2021年新款秋冬季时装靴单靴软皮方头拉链小短靴加绒
婴儿小枕头纯棉,南极人荞麦枕头儿童幼儿园3岁10枕芯6四季通用小学生全棉整套宝宝,ins冷淡风月球适用小米12x手机壳硅胶创意男女红米k50pro全包防摔
三角牌电饭煲10a，250v两插饭煲线,适用三角牌老式电源线电饭煲电炉电水壶线2孔插头1.5米,思诺芙德连帽羊绒衫女装毛衣女宽松外穿针织衫上衣2021年新款秋冬
床柱子配件五金,加厚床柱连接件对接铁板母对锁螺母床用圆柱夹板螺母三孔螺母,独角兽渐变色手表可爱ins超火电子表学生韩版少女防水原宿风运动
sigeyi尾勾,sigeyi思各异 直装尾钩美利达 specialized闪电 pinarello canyon,双面羊绒大衣女2020秋冬新款修身显瘦系带羊毛毛呢外套女高端赫本
强拆生锈螺丝,【生锈螺母破开器】螺帽分离神器切开拆除螺帽劈开维修工具,硅藻泥洗手台肥皂盒香皂盒吸水垫牙刷座浴室肥皂垫托盘轻奢洗漱台
空心针 拆焊,焊接辅助维修工具不粘锡不锈钢空芯针通线路板专拆针脚元件维修用,大连锦旗包邮定做送老师学校医生立绒锦旗物业订做幼儿园月嫂定制
konami,日本直邮 科乐美游戏王zere ocg duelist套装版.lightroad jagent,顶瓜瓜睡衣男士2021年秋冬纯棉新款大码时尚舒适家居服套装新款
老花眼镜男,德国老花镜男防蓝光抗疲劳高清老人花镜超轻老花眼镜高档品牌正品,2022夏装新款印花年轻款少女珍珠中长款开叉改良版旗袍连衣裙礼服
埋堆堆vip一天,埋堆堆视频会员1个月 埋堆堆vip会员月卡 港剧社区 手机号直冲,2021年秋冬新款网红爆款学院风减龄时尚针织开衫休闲裤子两件套装
磨烟器,新品直销金属三层创意皮卡丘研磨器烟3层手动55mm锌合金碎烟器,2022春黄冈小状元同步字帖三年级下册人教版部编钢笔楷书字帖小学3年级下练字帖书写训练小学生课本同步练字楷书儿童正楷字帖书
獭祭冰淇淋,獭祭冰激凌冰棒榴莲雪糕猫山王榴莲冰激凌马来西亚原装进口特价顺,剥线口可调节电缆剥皮刀网线电话线剥线刀剪线钳剥线器可调包邮
红色订书钉,得力0211彩色订书钉 12号钉书针 订书针 24/6 800枚/盒,正品哥弟新款2022早春季羊毛钉珠针织开衫毛衣女圆领红色小香外套
花苼记,【潮woo专属】碧海潮生＜繁花＞新款原创中国风国潮中式盘扣唐装,界*旗童装秋冬长款羊毛大衣青少年翻领毛呢外套加厚上衣中大童
榆树市法院拍卖楼,舒兰市铁东街100号中央公馆t11号楼1单元1101室,爱发丝奇妙8+塑型香水干胶发胶定型特硬喷雾摩丝啫喱水膏清香蓬松
益力佳,【全安素新春限定礼盒】雅培全安素全营养配方含蛋白质肠内营养粉,阿玛尼加绒加厚休闲西服男士韩版潮流毛呢小西装秋冬款单西保暖风
办公书,word excel ppt ps入门到精通wps教程表格制作函数office书籍办公软件计算机应用基础知识自学书籍电脑入门办公软件自动化教程全套,一壶二杯便携旅行茶具套装陶瓷快客杯户外功夫茶具包刻字定制礼物
y933,【肖战推荐】九阳破壁机家用加热轻音多功能全自动豆浆机y912c,赛默飞60201-318毛细管柱切割器5181-8836 1片装 微米派wmp-17001
映美ip-860,映美ip-800+连续纸喷墨打印机,现代仿实木木纹条瓷砖150x450客厅卧室防滑地砖地板砖阳台厨卫砖
威可多官方旗舰店官网,vicutu/威可多商场同款男士休闲西服上衣羊毛单西外套 惠,小安妮大太阳 三层叠戴项链女小众设计冷淡风爱心锁骨链
zd稳压管,zd稳压二极管 齐纳二极管 2ez3.9d5 / 2w3.9v 高品质,秋冬男士加绒加厚休闲小脚牛仔裤弹力修身精神小伙黑色束脚裤韩版
金相防锈纸,黄色防锈纸工业油纸 机械防潮纸 金属轴承五金包装纸卷筒蜡纸包邮,日系纯棉达菲星黛露甜美可爱印花长袖上衣长裤家居服睡衣套装
汗冰鞋双排轮子闪光轮我就单买轮子,四轮溜冰鞋轮子闪光轮双排轮滑鞋高弹pu轱辘耐磨旱冰鞋发光轮子,蓝色时尚拼接毛领中长款羽绒服外套欧洲站2021冬季女装新款欧货潮
婴儿学步带,防摔学步带婴幼儿童学走路独立站护腰型两用防勒宝宝牵引绳神器,儿童红内裤男纯棉平角四角短裤小中大男孩童学生宝宝大红本命年牛
牦牛尾拂尘,西藏黑色牦牛尾佛尘小号，毛少小家里弹灰尘实用总长63厘米左右,abyb charming小众耳环高级感蝴蝶链条耳坠雨蝶流苏耳饰原创设计
多功能陶瓷墨碟,玉水湖笔庄砚台书法专用带盖清仓砚陶瓷墨池学生墨盒毛笔墨汁砚墨墨盘文房四宝墨碗文房墨碟墨海密封笔洗,花种植好养活室内盆栽植物不需要阳光百合花种球盆栽种子四季开花
铆钉纱便宜,花寻礼韵焦点镂空包花纱网鲜花包装网纱礼品花束包装花店花艺材料,适用于本田十代思域前置倒车雷达原厂款思域专用前置探头专车专用
特博尔冰箱,特博尔turbo air商用制冷工作台冷藏工作台冷冻工作台双温工作台,刮阴毛私密处剃毛器脱毛仪男士刮毛刀阴毛专用女电动刮腿毛刮蛋毛
徽小生茶叶店,黄山毛峰2021新茶特级绿茶正宗安徽毛尖茶叶雨前春茶250g散装罐装,日本gp睡衣女春秋季2022年新款纯棉长袖休闲可外穿女士家居服套装
欧德玛热水壶,欧德玛电热水壶 手冲咖啡茶壶 温控自动断电0.7l 细嘴滴漏长嘴壶,天然鸡油黄老蜜蜡垫片隔片手串隔珠散珠大金刚星月菩提配饰
飘窗垫子2021新款高端,现代中式飘窗垫窗台垫铺垫轻奢坐垫窗户垫阳台垫定做冬季绒面垫毯,撞色毛呢外套女中长款秋冬加厚2021流行时尚新款拼接羊毛呢子大衣
广东清远黑棕鹅,广东清远黑棕鹅新鲜光鹅烧鹅原材料 18元一斤 电话18899897024,军车坦克t90 儿童合金汽车军事模型玩具坦克吉普装甲车卡车
唛架机,服装绘图仪喷墨cad打印机唛麦架机广告字稿机电脑打板画皮排版机,官方直售 信的恋人刺绣贴樱花树下日式和风可爱动物补丁贴布装饰
祭忌红布,【骨灰盒包布】包裹红布殡葬丧葬祭祀用品寿衣骨灰盒包邮批发,电池盒7号塑料带开关粗线带盖免焊接电池座可装2节7号电池包邮
双叶烟,晨汐收藏-老商标老烟标收藏-浙江杭州-双叶6仅供收藏,新款 长袖针织衫女半高领套头打底毛衣短款纯色内搭非羊绒羊毛衫
瑞寿堂,山东东阿产ejiao阿胶糕即食纯手工调理气血阿姣阿娇交啊胶固元膏,海康威视8路四合一录像 模拟 同轴 网络混合录像机ds- 7808hqh-k1
结婚拜合,结婚庆彩礼箱婚礼女方陪嫁箱订婚礼金箱红色钱箱婚庆装礼金礼盒箱,淋浴花洒杆连接帽洗澡混水阀进水口六角接头铜螺母六分螺丝牙通用
绝毛液,胡子脱毛膏男士专用面部永久脱胡须脸部络腮胡全身汗毛腿毛发际线,正版旧书 古代汉语基础(第二版)9787301264140
腊鸡胸肉,湖南特产农家腊鸡的胸脯焙鸡肉腊肉柴火四川烟熏腊鸡乡里腊 鸡.胸,jeep抓绒外套男冬季加厚保暖摇粒绒背心户外运动无袖绒衣马甲外穿
铆钉安装,刀柄用黄铜铆钉 菜刀夹柄固定配件 diy手工刀具刀把紧锁子母钉,selsun洗发水去屑止痒控油蓬松改善毛躁女士男士专用洗发露selune
羚羊刮藻刀片,包邮正品 羚羊77刀片100片装刮胡剃须刀片修眉剃头削发长双面刀片,植物僵尸大战乐高积木玩具男孩子拼装益智拼图儿童节日礼物小颗粒
供盘全套,香炉家用室内供佛陶瓷佛前套装佛具用品摆件大全佛教供具供品佛堂,重庆市重点单位消防安全责任公示牌设备标识牌火灾隐患消防设备区域名称牌电话公示牌展板上墙安全标示信息牌
花盆架,室内外阳台花架实木多层落地可移动绿萝多肉绿植玄关客厅装饰花台,日版aukddi解锁日本au kddi 日版iphone12/11/xs/xr/x/日本解锁
江铃e200下摆臂,适配江铃e200道爵中通赛驰易咖宝雅电动四轮车前支臂前拖臂下支臂,滚轴皮带男款真皮滚珠腰带防金属过敏无牙裤带中年老式滚条gz1108
plalh推车,plalh黑色折叠手推车静音平板车加高手拉车搬货小拖车拣货拉车,秋装女装2021年新款春秋赫本风小黑裙法式针织毛衣连衣裙子小个子
贴脚线取暖器家用,美菱踢脚线取暖器家用卧室电暖气省电速热对流式暖风机火炉烤火器,：极光1d油亮无边抹胸连身丝袜开裆免脱透明诱惑性感全身袜。。
润谷芝时,现磨养胃无糖芝麻糊养发生发老年人产妇孕妇儿童一全家人粗粮粉,ngk火花塞ifr6t11普瑞维亚rav4陆地巡洋舰2.4 gx/lx470 gs/ls430
冬奥会,飞雪男女休闲轻便携双肩包旅行背包运动学生书包电脑包户外奥运,现货清仓特价音儿2020秋季水滴领钩花镂空蕾丝连衣裙8c50305370
镂呃门底漏风,门缝漏风条门底密封条防风用入户门侧面空调防走冷防老鼠蟑螂宿舍,适用于华为有线耳机mate原装p50/30/40/20/10pro入耳式nova9/7se/6/8/5i/4/2s荣耀正品60/
流苏鼓,发光手鼓唐风敦煌风彩带鼓坦领汉服手拿鼓手持铃铛鼓红色飘带,狼尾假发男木村拓哉同款中分男士长发日系武士头男生鲻鱼头全头套
套脚袋加厚,加厚一次性鞋套无纺布家用防尘透气耐磨室内脚套学生布料可洗布艺,现代雅绅特专用自喷漆金属漆防锈贵族白黄色都市红天空蓝闪光银色
移民法,【官方正版】 宪法学讲义 清华大学出版社 宪法学讲义 林来梵 宪法学讲义 （第三版） 宪法学讲义 （法学精义）,美发转灯理发店转灯发廊灯箱发廊转灯超亮贴片户外防暴雨半圆悬挂
蕃茄钟,番茄时钟时间管理工作法倒计时器闹钟两用学生学习自律定时提醒器,清仓a类新生儿2021春秋新款宝宝纯棉秋裤男女0到12岁 可开裆长裤
舍曼冻膜,舍曼积雪草面膜收缩毛孔去黑头角质补水保湿深层清洁涂抹式冻泥膜,北欧风防滑床笠单件纯棉全棉床罩套加厚全包床笠罩四季通用床罩
办公用品,a4档案袋文件袋牛皮纸纸质大号大容量超大加厚团员人事收纳袋资料袋文件夹文档文件收纳投标合同批发100个装,药箱家庭装家用大容量多层医药箱轻奢应急医护医疗收纳药品收纳盒
yee杀菌灯,鱼缸杀菌灯uv灯紫外线灭菌灯潜水鱼池净水除藻水族箱消毒灯除藻灯,连体篓箩复古明档饭店摆菜箩筐干货摆台篮子竹编竹制品餐厅展示
陆短腿的喵窝窝,【原创】剑网3正太捏脸脸型=觅雪=可新建,三角裤婆婆中年妇女大码内裤女中高腰。特大号不勒腿粉色紫胖女人
防爆球机,防爆摄像机海康200万变焦高清夜视高速球红外网络监控不锈钢护罩,生日礼物女生闺蜜纪念意义实用送给男朋友推荐特别走心小众圣诞节
电竞耳机无线,发光猫耳朵耳机头戴式游戏电竞笔记本电脑直播粉色有线耳机女带麦,厨房碗碟收纳沥水架带盖放餐具装碗箱碟盘收纳盒塑料碗拒家用
洗衣液机器,全自动洗衣液售卖机自助共享贩卖24小时无人社区小区扫码售货机,【只能配本店购买的】台湾立兆（lj）配钥匙专用 台湾工厂直发
电木打磨笔铣刀3mm,3mm3.175mm3.5mm进口单刃螺旋铣刀亚克力专用刀pvc切割刀,黑色大锣包戏曲铜锣乐器包加大锣包铙钹小锣包加厚防水背
女童女鞋,b.duck小黄鸭童鞋儿童板鞋2021冬季新款男童运动鞋女宝宝棉鞋加绒,山东临工全车贴纸 lg952 3 5 6l f n原厂标贴 标志贴花装载机正版
甲秀油漆,木色漆自喷漆上色木头油漆复古自刷甲醛木板仿古无味无实木刷门漆,ins高级感克莱因蓝苹果13promax手机壳新款纯色硅胶iphone13pro max女款防摔保护套12pro镜头全包ip软1
花王洗手液补充装,花王biore碧柔儿童泡沫洗手液抑菌消毒杀菌果香型本体+替换450ml,博洋冬季牛奶绒四件套珊瑚绒床单加厚保暖床上双面法兰绒被套冬天
无机磨石料修补粉,宝玛石材修补粉无机白色裂纹鸡爪纹开裂干裂填充毛细孔配合3h混合,南孚碱性lr03aaa7号电池电视空调遥控器通用电子称玩具聚能环1.5v
丧事用品,殡葬用品塑料圆奠字奠字各种花篮装饰花圈装饰白事大全灵堂布置,深粉水晶猫眼石手镯女款手链芙蓉玉镯子女玉手镯桃花手环
小米维修工具,多功能螺丝刀套装手机维修笔记本拆机清灰工具组合小螺丝刀大全,戴尔chromebook 5190 emr 压感笔手写笔dtc133触控电磁笔
椒炸芋条,椒盐芋头丝180g潮汕特产芋酥条咸香芋酥零食网红休闲小吃大包装,加厚遮丑餐桌面贴纸防水自粘网红胡桃木纹宿舍寝室书桌子橱柜翻新
tata地脚线,tata木门 门装饰地板踢脚线简约室内装饰家用木塑踢脚线辅料,临沂特产孟良崮六姐妹肉丁油焖海虾180gx3瓶虾酱6瓶43元破瓶包赔
东方购物电视直播,东方cj购物 东方购物 代下单 优惠减 ocj积分 电视购物 cj配送,预售伽勒尔小火马overdog studios唯美宝可梦系列第二弹雕像
新年礼物,公司年会商务礼品定制logo实用高档客户员工纪念品新年活动伴手礼,匹克短袖男运动t恤polo衫夏季新款学生白色休闲跑步舒适修身上衣
湘妃竹刷子,大号文玩清理包浆老玉竹斑竹柄方块软硬猪鬃毛核桃菩提橄榄核刷子,爆款高领系带长袖衬衫套装女秋新款针织坎肩马甲皮裤短裤三件套潮
宝骏530后标,原厂宝骏18款530前保险杠马头标志20款530前标中网马头标后车标,鱼缸氧气泵超静音增氧泵老增氧机小型家用渔大功率老鱼充氧泵匠
刘小妞,2022年创意门贴对联新年卡通福字无纺布虎年春联立体春节大门珲春,德国双立人火锅锅家用鸳鸯锅304不锈钢加厚方形涮锅锅具火锅盆电
原装松下弟须刀网es8801,原装松下剃须刀 wes9011 es8807 es8801 es-lc60 8175 外刀网刀头,b面秘密 性感睡衣女透明男朋友bf透视衬衫雪纺激情诱惑家居服
钢琴调音工具包,华圣钢琴调律工具 钢琴配件 钢琴调整工具套装特惠钢琴整理套装,新鲜牦牛牛大骨牛骨髓2.5斤滋补熬汤煲汤食材补钙火锅牛棒骨
木头纪念书,木刻画木雕画照片情书diy手工定制生日礼物结婚周年纪念木板雕刻,网红酒吧打卡奶茶店拍照区直播背景墙贴装饰品克莱因蓝工业风创意
无痛采指血笔,血糖采血笔点刺血针拔罐刺络非无痛排淤放血手指泻血泄血针笔家用,中长款棉服男冬季韩版潮流加厚棉衣宽松潮牌外套冬装保暖港风棉袄
密汉鼎鱼线,新款汉鼎鱼霸鱼线主线子线套装全套钓鱼线钓线日本黑坑尼,中年妈妈装春秋水貂绒外套中老年女洋气秋冬开衫上衣新款毛衣套装
蜜桃臀牛仔裤,tun2秋冬新款运动蜜桃牛仔裤女高腰提臀紧身裤修身显瘦小脚裤外穿,现代轻奢摆件客厅酒店样板房电视柜旁边落地玄关电镀招财艺术雕塑
摸高助长神器青少年,单杠家用室内引体向上器儿童免打孔门上单杆家庭门框健身器材吊环,连体泳衣女夏平角保守专业运动遮肚显瘦ins风2021新款海边游泳装
圣女果干果,山妞圣女果干零食番茄干小西红柿500g酸甜剩女水果干休闲蜜饯特产,加绒加厚运动裤子女秋冬季宽松束脚显瘦小个子哈伦春装女休闲卫裤
导管固定器,胆道汁引流管固定贴蝴蝶型中间卡扣6-8.5f胆管导管装置思乐扣gj,现代新胜达空调面板开关
入户花园造景,门挂写字黑板花环门饰挂牌欢迎户外装饰别墅庭院花园店铺门口布置,【摔坏免费换】适用于华为p30手机壳女款镜子p30pro椭圆玻璃镜面p20保护套p20por全包防摔网红虎年2022新款潮
青松皂粉,青松香皂粉低泡易漂洗,牛货！独家对版西太后vivienne westwood蓝色土星球项链手链耳钉
小水榕,水榕水草植物鱼缸造景阴性淡水懒人活体大叶榕黄金迷你榕沉木真草,韩国东大门2021秋冬季新款加厚连帽宽松套头字母长袖卫衣女潮ins
哈弗h6天窗开关光圈,适配长城哈弗h6升级款运动款 h2s阅读灯天窗开关顶灯左右灯罩亮圈,韩国气质高端名媛夸张超闪水晶耳钉女欧美奢华高档耳环2021新款潮
森系女鞋,森女文艺复古学院风圆头厚底大头鞋日系少女一字带玛丽珍鞋凉鞋女,韩系复古着感开衫毛衣女冬季新款别致设计感小众慵懒风情侣针织衫
离型纸本150g,基础分列离4纸本150g型0张双z面纸附铲子手帐diy胶带装饰系割本l,日本nitori宜得利家居简约客厅卧室装饰摆件放照片相框 维基 4*6
木头长刷子,长柄尼龙硬毛塑料丝清洁地板刷棕毛实木地板刷不锈钢地坪青苔刷,电饭锅插座三脚电饭锅电源插座铜脚三孔电压力锅插座电饭煲配件
粗枝剪,佐川田园林园艺剪刀粗枝修枝长柄家用高枝日本sk5钢强力加长伸缩,纯棉睡衣女春秋季纯色韩版花边2021年新款套装粉嫩长袖家居服薄款
佛香盘香,老山香业  幸福人生品牌 4小时 印度老山檀香盘香  60盘装,儿童成人表演动物帽子头饰青蛙乌龟小蛇蝌蚪金鱼黄鱼企鹅造型道具
喷泉头,全不锈钢1寸1.5寸2寸喇叭花千牛喷泉喷头 园艺园林水景景观广场,可爱蓝胖子opporenoace手机壳液态硅胶oppoace2镜头全包renoace保护套ace2防摔0pp0超薄realmex
猪小厨,卧室床头置物架护肤品收纳盒桌面落地多层卫生间厨房可移动储物架,秋冬丝绒蝴蝶结耳钉气质高级大气红色植绒耳夹小众设计感无耳洞女
双人婴儿车,德国双胞胎婴儿推车轻便折叠可拆分儿童双人车二胎出行神器大小宝,米兰lv专柜 petit louis女款金色花卉手链简约欧美风m00374
锯片木工专用,new合金锯片木工锯片100a角磨机110云石机切割片4寸7寸木用,意大利原产 schulze pollmann 舒尔茨波尔曼 二手钢琴renner机芯
downlandkids,downland kids儿童泡泡被四季通用豆豆毯婴儿豆豆毯宝宝盖毯,香港代购帆布包包女2022新款潮大容量手提布包春夏百搭托特包
英语翻译书,英汉翻译译注评 叶子南 清华大学出版社 英汉翻译基础教程 英汉翻译常见错误 英汉翻译技巧 实用翻译教程英语翻译大学翻译专业教材,【官方】etudehouse伊蒂之屋爱丽小屋15色眼影盘眼影便携珠光哑光
卡地亚手表更换电池更换工具,亨吉利手表维修卡地亚换电池洗油保养抛光打磨正品配件维修服务,三诺ga-3血糖测试仪家用免调码扎针精准100片试纸条测血糖的仪器
陶胖藤椒马油,涛胖 藤椒油250ml四川汉源特产家用大瓶装鲜麻椒油米线火锅调味油,2017夏季女士短袜超薄丝袜低帮短筒水晶丝隐形袜子白色防勾丝短袜
卓诗尼官方旗舰店官网,卓诗尼2020冬新款百搭短靴时尚厚底马丁靴女潮ins靴子加绒机车靴,女童加绒加厚毛衣秋冬装新款洋气复古儿童针织衫宝宝高领保暖毛衫
红色爱心宝石,善合珠宝天然红宝石手链18k金镶嵌钻石麦穗花设计淑女彩宝现货,现货『三夏社』wanna one 迷你2 0+1=1 我对你的承诺 +海报+赠品
红酒套+布,酒瓶套红酒套酒瓶衣服变色龙中式家居出国礼品 可定制,奥迪a1 a3 a4l a5 a6l a7 a8中控台密封条隔音挡风玻璃胶条仪表台
罗布麻中药,北京同仁堂罗布麻茶新疆正品特级散装500克野生头茬罗布麻嫩叶茶,气质针织连衣裙2022年女春装新款法式方领性感辣妹黑色包臀短裙子
友邦5k木,友邦集成墙板定制实木电视背景墙现代风卧室床头背景墙集成护墙板,外贸儿童法兰绒格子长袖衬衫 男女童春秋衬衣 大码可亲子
爱天然,【会员专享券】艾天然净颜亮肤卸妆油敏感肌温和清洁卸妆水眼唇卸,运动护膝男篮球跑步羽毛球专业健身保护套膝盖半月板女士关节跳绳
zppo正品火机套,zippo皮套 芝宝  打火机保护套  头层牛皮 纯手工 多色可选,日文原版 日本历史  1 日本の诞生  旧石器 单行本
糖人专用模具,糖画模板模具棒棒糖人模具做糖画的模板硅胶卡通大号多款工具专用,正品雅力斯牛乳高钙蛋白质粉送给青少年儿童礼品多种维生素
美甲桌面甲油胶盒,指甲油展示架 亚克力收纳透明架 美甲店塑料盒化妆品塑料展架,日本国誉campus活页纸活页本替芯活页笔记本替芯b5 26孔 a5 20孔学生横线空白方格笔记本替换芯8mm横线
日日say,曰曰say 韩国简约细款纯色发箍甜美网红洗脸头箍夏天百搭发捆发卡,勒布朗詹姆斯nba球星水晶磨砂防水贴纸学生饭卡公交卡贴定做 包邮
松下滚筒7.5公斤洗衣罩,松下10kg公斤xqg100-ld251滚筒洗衣机罩防水防晒10公斤防尘罩通用,梦幻的西游单机版全套剧情非手游送gm后台回合制游戏电脑版
说书鼓白色,厂家直销骆派京韵大鼓梅花大鼓原木色书鼓鼓架月牙板专业鼓板,自制diy口红盘口红盒粉色五格眼影盒带镜子唇膏多色小样花朵压盘
中国结3连塑料,中国结led户外防水道路杆景观发光亚克力塑料挂件节日装饰灯 殿俊,日式创意陶瓷刺身盘多用盘前菜碗船型碗异形碗沙拉碗日式料理餐具
specialguest,2122 special guest v2 cargo pn 男女同款滑雪裤 韩国直邮,金丝绒吊带背心女内搭外穿v领打底宽松显瘦大码黑色雪纺遮肚上衣
国航白金卡,星空联盟 中国航空终生白金卡 集团公司大客户官方邀请,大码女装冬季毛衣宽松胖mmv领上衣显瘦遮肚肉针织打底衫洋气秋冬
单车坐垫,美利达山地公路车坐垫套加厚硅胶车座套自行车鞍座套骑行装备配件,电锤配件冲击钻钻头墙壁开孔器电钻圆孔打孔器砖墙扳手接灰碗方柄
纽乐宝,纽乐葆婴儿宁肤霜面霜婴幼儿宝宝霜保湿滋润补水润肤乳儿童保湿霜,鹰嘴豆500g新豆散装大颗粒生豆子新疆乌什县特产农家豆类杂粮粗粮
kc10,爱丽思烘被机烘干机家用小型速干衣机烘被子神器暖被机除螨爱丽丝,化妆品展示柜货架放包母婴店玄关门市部自由组合手办护肤品理发廊
丹吉尔dha,双11买送大促 丹吉儿a+dha藻油90粒脑黄金 大脑aa儿童孕妇记忆力,遮阳棚折叠伸缩式手摇电动收缩遮阳蓬篷布户外阳台庭院门面遮雨棚
镜子灯光条,充电镜前灯梳妆台化妆灯美妆灯led粘贴免打孔梳妆灯化妆镜补光灯,科比詹姆斯纪念品打火机正版zippo纯铜篮球周边生日新年礼物男生
3/4大提琴码,青歌m2 大提琴琴码打磨好码桥马桥码子琴马子琴桥配件,钛钢不掉色螺旋吊坠项链男潮嘻哈ins风t恤卫衣毛衣链子配饰装饰女
腰盘突出的石膏,1盒坐20肌贴腰盘突出椎dmd管狭窄骨神经间痛腿麻腿痛腿胀腰劳损膏,香港法式高跟鞋女2022春季新款黑色尖头细跟百搭浅口工作猫跟单鞋
董宛小酒,2021年董宛三星小酒版54&deg;90ml【全店选5件包邮】,allo 针织毛衣女装2021秋季韩版新款法式复古麻花显瘦百搭针织衫
大学物理学百科全书,【正版现货】2018物理学大辞典（精装）都有为主编9787030557780 自然科学大辞典系列物理学辞典工具书热力学与统计物理物理学辅导,1/6兵人 貂蝉 古代游戏女神 真三国无双diy可动人偶 手办模型周边
呕吐袋车内垃圾袋100个,一次性航空垃圾清洁袋 密封高铁车载清洁袋 孕妇晕车晕船呕吐袋,万斯帆布鞋女2021年春夏季新款百搭小白鞋休闲情侣潮ins学生鞋子
加肥加大老太太外套,中老年女装冬装加绒加厚棉衣短款妈妈花色棉袄老人唐装盘扣棉服50,长袖白色卫衣女加绒加厚2021秋冬新款韩版圆领百搭短款小个子上衣
星河来信,「爵」系列衬衫 原创lolita长袖日常复古优雅 伯爵小立领多色衬衫,韩国女童马丁靴加绒冬季网红儿童靴子英伦风中大童女孩短靴二棉鞋
熏香机家用室内,doterra多特瑞精油香薰机鹅卵石纹香薰灯家用卧室喷雾器官网正品,adidas/阿迪达斯三叶草夏男子经典大logo运动休闲短袖t恤 dh5773
招财进宝门贴,虎年立体福字创意门贴2022新年春节布置福字贴玻璃贴纸元旦装饰,gm tete 2022新款韩版男女通用太阳镜 小红书万人种草推荐
奥林巴斯遥控快门线,奥林巴斯cb2快门线em1 mark ii e-m1x e-m1iii 微单b门定时快门线,红蓝色吸水球10 30 60ml 玻璃刻度吸管 滴管用吸球实验室大号橡胶
和平精英房卡,吃鸡房间权限吃鸡自定义房间和平精英手游比赛卡刺激战场房间权限,m1 club设计感开叉垂感西装裤初秋大码宽松显瘦小个子高腰阔腿裤
平定黄瓜干,山西阳泉黄瓜干特产脱水菜晒干货干黄瓜条农家自制脆黄瓜2袋包邮,秀禾服婚鞋女2022年新款中式礼服红色高跟鞋粗跟孕妇可穿新娘鞋子
索尼蓝牙耳机原装正品官网,【日本进口】索尼真无线重低音运动蓝牙耳机入耳式跑步250耳机,塑料层板隔板防潮垫厚仓库铺地储物垫仓板塑胶卡板地台板托盘隔断
孕妇防福射肚兜,防辐射服孕妇装正品肚兜内外穿衣女电脑怀孕期上班族隐形办公四季,航凯四冲程4马力船外机风冷式 舷外机推进器船用发动机挂机橡皮艇
威伯科干燥罐,适用干燥罐器瓶解放j6p重汽豪沃东风天龙陕汽德龙克诺尔jh6天v悍v,北欧轻奢现代简约线条空间房间床头卧室装饰画挂画客厅壁画背景墙
quiet night,止鼾防呼噜神器打鼾鼾立停神器防止鼾喷雾防打鼾防呼噜打鼾特价版,pancy银箔玉石点缀原创设计耳钉清冷气质 轻奢小众高级感耳饰女
三丽鸥钱包,日本代购sanrio 三丽鸥bleu bleuet联动系列第六弹零钱包,盾皇冷冻红宝石马蹄夹心粉圆1kg红豆龙珠包心紫薯奶茶店网红小料
中式马甲,zcy朱崇恽2021年春冬新款白鹳刺绣洋气复古背心马夹女c1bw34634,qw原创爱心图案女生挎包2022年新款灯芯绒包包质感高级秋冬邮差包
铁通卡贴,新版铁通v4无线座机移动g3信息机td卡贴膜斜角卡贴可当免剪大卡贴,筷子盒筷子收纳盒外带空盒子大号
提须刀,正品原装男电动剃须刀多功能usb车载充电式刮胡刀便携水洗胡须刀,tibhar挺拔乒乓球服长袖外套连帽卫衣运动乒乓球服套装秋冬款
灵活脑学院,灵活脑学校  中文版  下载版  任天堂switch游戏ns数字版,正版书籍 我飞 我做主 绘本 自信 独立 有主见 听话 1-2-3-4岁宝宝儿童培养好习惯好性格养成早教启蒙睡前故事
加提二番,小兔乔治 2021年加拿大提摩西草二番一压兔子豚鼠龙猫磨牙提草,枕套一对装水晶绒枕芯套加厚珊瑚绒枕皮法兰绒绒面枕头套48&times;74cm
低温除雾膜,防雾膜加热膜浴室防雾膜ul认证加热膜除雾器ce证防雾膜电子防雾膜,法国单~39欧！可爱小耳朵双面绒保暖珊瑚绒斗篷外套家居服女
能打皮筋的枪,五爪金龙十字弓箭弩皮筋枪儿童玩具连发威力特大号吃鸡手抢射软弹,衣帽架鞋架一体式进门门口落地铁架多功能入户卧室简易家用多层
狼族服饰,【祺鑫阁】 -离北东青- 萧策安cos 狼崽cos 服装,轻触微动开关 4脚 按键 4x4x0.5 贴片薄片开关 按钮开关（10个）
申威达液压配件,上海申威达205（920）切纸机原厂配件 205油缸阀芯部件,汽车车载aux公对公3.5mm音频线电脑耳机音响加长5米10m连接延长线
纸尿裤,宜婴加量吸收拉拉裤l/xl/xxl男女宝宝成长裤婴儿透气干爽尿不湿,女童春装连衣裙2022新款洋气儿童春秋款女孩春季长袖公主裙子早秋
自动笔,日本zebra斑马snoopy限定款delguard不断芯自动铅笔0.5mm0.3mm芯,韩国童装2021秋冬加绒卫裤男女童一体绒运动裤韩版显瘦中大童
其嘉干酪饼,小奶花其嘉优脆乳30g儿童休闲零食奶泡泡小袋装奶酪球球满4袋包邮,踩脚打底裤薄绒高腰紧身踩脚裤一体连脚裤袜女冬季厚加绒外穿秋冬
recion,recoin 原创雾霾绿爱心刺绣钉标毛衣开衫情侣款软糯感针织衫外套,民办成人自考 大专 中专 民教网可查询 专科毕业征书补录证书可查
康陇麦麦片,kolln奥利奥麦片可可饼干巧克力味麦片水果酸奶燕麦懒人即食早餐,优100英伦风高帮布洛克雕花拉链真皮鞋马丁靴男士商务休闲软厚底
松拓表带,suunto松拓颂拓ambit拓野1代2代3代户外运动手表带工具配件sunnto,侧拉链粗跟不过膝高筒靴子女2021年新款性感显瘦腿小个子长筒靴潮
徐灵胎医书全集,正版徐灵胎医学全书清徐灵胎山西科学技术出版社医学中医临床书籍包括医学源流论神农本草经百种录兰台轨范女科医案伤寒类方等书籍,英国joseph joseph 健康分类带刀菜板宝宝辅食砧案板厨房家用套装
别墅智能家居方案,欧瑞博智能家居全屋系统灯具套装定制无线远程遥控声控解决方案,日本周大福限定樱花卡包千万两招财猫挂饰新款转运招财御守证件夹
5n71,gps模块 北斗模块 双模定位器 atgm336h 51单片机 stm32 arduino,韩国单~ 情侣帆布鞋。外贸低帮男女板鞋2021新款学生系带平底球鞋
十七页序,容量大到哭/ins简约可爱奶牛小熊洗漱包便携手提少女化妆包收纳包,李宁2021新款冬季鞋子潮流运动休闲板鞋百搭4跑步劳保男鞋加绒棉
美乐优选生活馆,9032美乐家纯质精油喷雾瓶 美乐家精油瓶,北京全屋家具 定制楼梯柜 斜角阁楼柜 衣柜阳台柜酒柜书柜鞋柜
东风诺：钢板副耳,北原厂板簧zhh吊 耳北奔钢板弹簧钢吊耳支座板座ng80奔吊耳配件备,移门锁移门窗户锁扣移门窗户锁防盗防坠防护儿童门窗锁扣
吴明课堂,excel2019进阶全套课程视频教程含基础操作/函数/图表/透视图/vba,puma彪马官方正品板鞋男鞋女鞋经典款翻毛皮运动休闲鞋374915-01
驳岸挡土砖,厂家直销自锁挡土砖 挡土石 护坡石 护坡砖,莫兰迪风入户门地垫防滑蹭灰门口进门垫子家用丝圈脚垫可裁剪地毯
讴歌cdx换挡按键贴膜,18-21款讴歌cdx中控排挡内饰车贴专用改装配件漆面透明屏幕保护膜,风衣外套女2021年新款中长款垂感高端大气今年流行时尚大衣春秋冬
隐形眼镜盒,g隐形眼镜ins潮美瞳盒子包邮简约可爱便携少女个性小巧收纳迷你男,适用oppo reno5pro中框边框前壳屏框 中壳 a面
宜家镜子,日本nitori宜得利家居尼达利卧室全身镜试衣梳妆化妆镜落地镜无边,松紧腰牛仔裤女士秋冬季2021年新款高腰宽松休闲显瘦哈伦裤子大码
自亮灯,usb充电灯泡停电应急照明灯家用式移动超亮户外led夜市摆摊地摊灯,监控红外补光灯摄像头夜视辅助灯led红外灯阵列850nm红外夜视50米
涡轮箱,厂家定制定做加工齿轮蜗轮蜗杆专拍15954669882,男士秋裤加绒加厚保暖裤青年紧身德绒薄款纯棉秋冬季打底线裤毛裤
gt125 缸套,适用铃木摩托车骏驰gt125 qs125-5c/abefgh套缸汽缸体活塞环,保罗 男士皮带真皮自动扣腰带男式韩版潮头层牛皮v字扣年轻人裤带
电钢架子,琴架 u型 电钢琴u型架 金属 u型架 u形架 键盘电子琴架 厂家货源,【还素】厚底乐福鞋女粗跟百搭心形爱心小皮鞋酒红色小众设计女鞋
本田摩托车仪表,适用新大洲本田摩托sdh125-52/52a超级锐箭仪表码表里程表公里表,适用于2020款荣威rx5plus专用中控台避光垫防晒汽车内饰改装20新
生蚝壳,蚝壳滤材牡蛎壳鱼缸过滤材料锦鲤鱼池滤材升ph值过滤器材料净水,细细条 韩版可爱卡通少女心ins学生凉拖鞋女夏天室内防滑洗澡拖鞋
易伟达,伟易达4合1点触学习桌多功能点读笔英语早教机儿童益智书2岁玩具,lm240wua ssa1 戴尔u2415 u2410 e2414h up2414q显示器液晶屏幕
十大品牌鱼包,台湾威狐超轻硬壳防水钓鱼大肚包矶钓渔具包1.35米海钓路亚竿包,izzue男装长袖衬衫2021秋季新品潮流简约宽松翻领上衣8133f1h
微波炉,【高端新品】老板cq982a搪瓷蒸烤一体机嵌入式蒸箱烤箱官方旗舰店,玄关软隔断帘美容院客厅睡觉免打孔门帘伸缩杆家用2020新款双层纱
行李箱袋子套罩,行李箱保护套透明防尘罩20旅行箱拉杆箱28耐磨26箱套24寸防尘袋,桃子家2021新款黑色大头小皮鞋链条厚底复古jk学院风乐福龙齿鞋女
收纳盒透明道具,儿童宝宝教具收纳盒大容量双层透明文具盒两层长方形a4教材收纳箱,秋冬中老年鄂尔多斯市羊绒衫女v领半高领纯山羊绒羊毛衫正品特价
苏联是一个国家的一书,现货 正版图书 社科文献 苏联的最后一年 （全本精装） [俄] 罗伊麦德维杰夫 著 童师群 王晓玉 姚强 译 社会科学文献出版社,12v24v2a 3a6a8a10a12a 电瓶蓄电池充电器可达到（15a）
露水牌体温计,露水大号玻璃水银体温计腋下测量成人儿童学生温度表高精度家用,美赞臣港版3段安儿宝婴幼儿罐装牛奶粉1-3岁含dha进口正品900g
未设置应急照明灯,敏华一体应急照明灯灯新国标消防两用疏散标志应急灯安全出口led,【迟伞伞】jue美定染色 慵懒奶蓝马海毛衣 带脖圈
姿美堂旗舰店官网正品,【天猫u先】烟酰胺胶原蛋白果味饮品（便携2袋装）,儿童德绒高领打底衫冬季2021新款男童保暖内搭弹力上衣潮中大童装
冰糖心,新疆阿克苏苹果12粒  单果直径80-85mm生鲜水果,bteflon tape plumbing thickened seal waterproof azdhesive
路易斯康,路易斯&middot;康的112个建筑 建筑大师作品图析 112个作品平 立 剖 轴测全套图纸放送 138个作品对比与分析 1000张图纸放大印刷,气质春秋复古格子外套小西服套装女网红休闲西装上衣韩版修身潮
海马m5转向机,适用海马福美来mpvf7f5m8m6m5方向机总成e3v70m3s7s5丘比特8s转向,宠道夫暹罗专用猫粮2kg营养增肥发腮成幼猫全阶段通用4斤
扁嘴水龙头防溅头,硅胶水龙头延长器接头防溅引水器导水槽延伸器水嘴儿童宝宝洗手器,love 520 1314 baby生日快乐发光灯蛋糕装饰灯花束礼品盒装饰灯
龙猫太郎猫粮,龙猫太郎混合豆腐猫砂抑菌除臭无尘结团不沾底可冲马桶2.5kg,儿童轻薄羽绒服内胆男童女童宝宝中小童冬装外套儿童羽绒内胆冬季
无氧铜双胶喇叭线,汽车音响纯铜喇叭线双股音响线材非标16ga 18ga四色双绞喇叭线,心奇爆龙战车新奇暴龙战车小恐龙恐龙爆龙站车儿童玩具恐龙第二季
橄面杖,两头尖红枣木擀面杖实木擀面烘焙鱼肚擀面轴鼓肚擀面杖枣核擀面棍,air jordan 11 cmft low aj11 篮球鞋 传奇蓝 南海岸 黑红 cw0784
登机牌,哈利波特魔法扫把校园旅行箱行李牌行李箱书包挂牌吊牌托运牌包邮,茶叶感官标准审评杯勺盖碗专业品鉴杯评茶考试培训用具品茗杯套组
木展架,木制画架画板套装素描写生支架式油画架成人木质实木画架展示架,适用于09-11老款奥迪a6l改装不锈钢中网雾灯装饰亮条 前保险杠贴
乐扣奶杯,乐扣乐扣牛奶杯儿童刻度水杯玻璃微波炉可加热吸管杯喝奶专用杯子,控笔训练字帖小学生字帖儿童练习硬笔书法本楷书速成笔控笔顺帖正楷幼儿园入门基础练字一年级二年级三四通用
吸地斗猫棒,猫玩具自嗨解闷神器猫咪自动逗猫棒吸盘耐咬钢丝长杆加长仙女羽毛,安全切药片神器分割多功能药物专业切片婴幼分装儿童切割器医药粉
宠物箱,刺猬饲养箱笼过冬天保温暖箱加热垫仓鼠笼金丝熊饲养盒箱刺猬用品,儿童房灯男孩女孩卧室灯温馨浪漫皇冠水晶灯少女公主房间吸顶灯
曼荼罗 藏秘,正版藏秘隐尘9787536670174,2021新款白色短袖t恤女夏纯棉韩版纯色紧身显瘦简单小领口半袖潮
平行宇宙,宇宙三部曲,【大洋洲】全新unc 堪培拉银行50元商业塑料钞 2018狗年
幼儿园桌椅,厂家直销早教亲子园幼儿园长方桌幼儿桌子儿童桌塑料桌幼儿园桌子,10米 超长音频线 加长公对公手机电脑mp3放歌音响 音乐连接延长线
tfn3,包邮 tom ford/tf n3 黑管80 口红 唇膏 现货16 100 细管24 27,1月现货【半年/全年订阅】快乐科学少年版杂志2022/2021年1-6/7-12月打包12期 小学生科普百科故事绘本非过期刊
助行小推车,老年人坐的能推走的软椅子学步车小拉车助步器折叠座椅可坐代步,罗技雷蛇牧马人有线静音宏鼠标粉色电竞游戏专用机械笔记本电脑女
刑事诉讼法一本通第十五版,2021年刑事诉讼法一本通 中华人民共和国刑事诉讼法总成 第15版十五版 刑事诉讼法典刑诉法实用工具书公检法办案用书 湖北新华正版,常州金科jk804/jk808手持多路温度测试仪 4路8路热电偶探头测温表
鹅记大排档,48hours便利店 小马宝栗牛仔警长西部甜心沙漠宝贝 拍前请看详情,304不锈钢超长加大手柄马桶刷家用免打孔卫生间清洁无死角替换头
手掰三通阀,304快装卡套三通水平球阀三通食品手动l型开关不锈钢卡箍式卫生级,周大福典雅绿18k金彩金透辉石钻石项链套链吊坠v110252送礼
林山田,中法图正版 刑法总论讲义 第6版第六版 前田雅英 北京大学 刑法教科书 刑法解释学 刑罚论 刑法学方法论 刑法总论大学本科考研教材,美特斯邦威疯狂动物城联名卫衣男潮2021秋冬新款宽松情侣装上衣男
铝焊接整板,阳光板透明户外隔热雨棚中空房顶聚碳酸酯蜂窝温室大棚pc耐力板,法式雪纺白衬衫女长袖百搭设计感小众早春秋别致上衣气质打底衬衣
防辐射隔板,磁屏蔽坡莫防辐射隔离板磁辐射挡板低频磁屏蔽金属软板防辐射电磁,dickies卫衣男式帝客潮牌logo印花22冬季新品棉毛圈布圆领上衣q
希尔顿沐浴套装,希尔顿古斯特长绒棉沐浴三件套纯棉男女通用夏季家用吸水速干全棉,烟灰色牛仔裤女秋冬加绒2021年新款高腰显瘦修身紧身弹力小脚裤子
乡土中国高中必读人民出版社,2册 乡土中国红楼梦费孝通原著正版高中版无删减高一语文推荐整本书阅读经典文学名著课外书和白话文完整必读课外书文学名著书籍,述作高档双层玻璃杯水杯定制 男士泡茶杯带盖车载便携女透明茶杯
梅花公路车,aoto 意大利梅花colnago v3rs碳纤维公路车架冰冻系列白色新品,调料罐壁挂免打孔厨房收纳用品玻璃盐罐304不锈钢佐料瓶组合套装
摔炮儿童,霹雳球砸炮枪撞球砸炮球70童年小学生对碰噼啪砸响怀旧玩具打火石,冰岛古树普洱茶熟茶叶十年以上宫廷老茶砖250g云南收藏熟普洱砖茶
simply green,醒awake甄选｜环保温和椰油洗发皂 薰衣草平衡控油洗发皂 无添加,兽药鸡药禽药鸡预防传染性鼻炎250毫升包邮送冰块鸡鸭鹅鼻炎疫苗
划毛器,李佳埼推荐】粘毛器静电除毛刷滚筒衣服去除猫毛衣物黏尘刮毛神器,美的mc-ehg2801多功能锅电火锅多用途智能防干烧4l大容量正品联保
塑料布卡槽,大棚塑料膜卡槽卡簧防风固定卡三件套热镀锌钢管压条配件骨架棚。,中秋柿子月饼模具家用烘焙冰皮绿豆糕点制作工具模子型印具手压式
soul原始头像,soul经典头像二次元  经典   可爱   绘本,露肩卫衣女春秋季宽松韩版薄款hiphop炸街盐系外套早秋上衣ins潮
孕肚面膜,美国palmers帕玛氏孕妇专用肚膜淡化孕纹修复妊娠护理补水腹膜6片,2022年春季新款荷叶边波浪牛仔短裙裤女百搭高腰显瘦a字阔腿裤潮
teleas温度计,川腾温度计精准室内家用温湿度计高精度婴儿房大棚壁挂式湿温度表,适用于苹果12手机壳12pro皮套promax素皮磁吸车载带磁铁mini男士套高级感男潮pm萍果pormas2021年新款mⅰn
4模齿轮,直齿轮 4模数12齿-60齿 圆柱齿轮 正齿轮 支持定制 机械传动齿轮,data zara秋装麂皮绒大衣绒面质感效果风衣女04968821712 4968821
法院拍卖铲车,轮胎式装载机4021一台,【海尔66】海尔 ma3t3吸抽油烟机燃气灶具套餐组合厨房烟灶消套装
外事礼仪手册,正版包邮外事礼仪 第6版9787563829583,高档红檀木筷子10双家庭装 红木无漆无蜡 木质餐具实木家用中华筷
水培器皿,轻奢花瓶摆件简约创意原色玻璃水养鲜花玫瑰百合客厅餐桌插花装饰,保护罩u型保护套脚踏防撞保护板地板收条订制门槛石室内推拉封边
瑜伽毯,正品yoga瑜珈加厚加宽瑜伽垫巾铺巾毯子愈加垫布垫毛巾防滑铺垫子,杰士邦避孕套持久装防早泄狼牙带刺螺旋纹3d大颗粒琅琊旗舰店正品
木各马也,一用一备水泵控制器单速双速风机消防排污泵星三角降压智能面板,随便原味香酥大鸡腿100克*5袋 卤味类零食鸡腿熟食即食小吃
电动车电瓶放电器,电动车蓄电池测试仪电瓶检测仪汽车6v12v16v24电瓶表容量表放电叉,霓彩线2代 24pin 8pin*3 延长发光线镀银线神光同步rgb电源延长线
奔驰手表表女,梅赛德斯奔驰mercedes benz basic手表女表石英玫瑰金b66954184,笑口喵肉粉松250g 带自封口 烘焙肉松寿司肉松豆粉 肉松
嘉宝v70前机盖轴,原厂适配包邮促销一汽佳宝v70 前机盖合页 引擎盖合叶铰链合页分,高腰牛仔裤女春季梨形身材穿搭爱心炸街设计感直筒显瘦老爹阔腿裤
手拉线锯,手拉钢丝线锯链锯绳锯线据条 救生锯 野外求生装备户外生存用品,中国李宁2022春夏潮流音乐节即秀即卖卫衣男春季情侣宽松运动服女
printer,hp惠普dj1112彩色喷墨打印机1212无线wifi小型迷你学生作业家庭家用黑白a4纸办公室文档照片相片黑白可连手机,【紫艺手创葡萄纽扣】唐装盘扣旗袍花扣 手工盘扣 各色定做 扣子
大汤3,促销约翰汤普森现代钢琴教程1-5册 大汤姆森简易钢琴教程孩子拜厄,蕾丝眼罩性感遮光害羞真人手圈诱惑调情捆绑情趣用品扎头发丝巾
防护面罩医用,医用护目镜隔离眼罩防起雾防疫防护眼镜医护医疗防尘透明护目罩,高领毛衣男秋冬加厚慵懒日系复古ins情侣宽松潮牌打底针织衫内搭
门监视器,萤石dp2c智能猫眼手机远程电子监控摄像头家用可视门铃防撬夜视,2021秋新款克克真皮网面透气松糕厚底学生老爹鞋女百搭时尚休闲鞋
托福词汇,新东方 toefl词汇词根 联想记忆法,粉色墙纸自粘壁纸女孩卧室防水防潮可擦洗桌面衣柜子家具翻新贴纸
失乐园渡边淳一,失乐园 插图珍藏版 渡边淳一日本现当代爱情故事世界外国名著 正版书籍小说畅销书新华书店旗舰店文轩官网 青岛出版社,金闻适用惠普m227fdw硒鼓m203dw粉盒m203d/dn打印机墨盒m227sdn/fdn碳粉cf230a碳粉盒hp30a成
魔刀千刃金属,昊天锤超大号一米斗罗大陆武器玩具唐三橡胶蓝银霸王枪七杀剑模型,细纹中纹亚麻混纺涂层油画布雨露麻成品画布绘画材料颜料用布批发
科越思潜水镜,正品意大利cressi科越思自由潜水渔猎潜面镜低容积浮潜深潜呼吸管,萌趣擦手巾毛巾清洁布挂式超强吸水可爱卫生间厨房抹布儿童擦手帕
休闲鞋女,官网正品dunk sb黑白熊猫影子灰低帮板鞋男鞋aj1黑曜石香芋紫女鞋,2只装乒乓球拍红双喜123456星级学生儿童初学者专业五六星兵乓拍
晾衣夹,晒袜子衣架多夹子家用防风晾衣架子宿舍多功能内裤内衣架子晒衣架,安踏要疯5进击三代篮球鞋男汤普森kt2021夏季专业实战战靴运动鞋
2021爱思考典政治,爱思考典高中政治选考高效课堂+选考作业（2022版）,40包超多辣条辣片素火爆鸡筋麻辣卫烧大刀肉kk星龙包邮
aiebao,婴儿腰凳背带绑多功能前抱式轻便四季背小孩抱带宝宝抱娃神器前后,e painting手绘油画 |＜格子＞日式诧寂美学纯色肌理北欧客厅油画
皇冠水管配件,南塑皇冠pvc给水管配件4分20-50铜内牙三通内牙如需英标咨询客服,出口清仓高端女装外贸大牌剪标冬季菱格棉服轻薄夹棉加厚保暖棉衣
powerwall,能创 储电宝3千瓦/5/10/20kw并离网储能一体机太阳能发电系统全套,老式缝纫机通用台板华南西湖燕牌牡丹t牌实木面板家用脚踩衣车板
sandersom藤黄果,新西兰控制抑制减少食欲饱腹感加强版不饿左旋右碱燃脂减肥胶囊,圈圈呢 100澳毛复古方形翻领长款大衣宽松廓形毛呢外套女
固定翼浮筒,易德一米小塞斯纳epo水机升级配件10-15级航模飞机升级用浮筒水鞋,新款折扣 sj6828 鳄鱼lacoste拉科斯特 大童女生可穿拉绒卫衣圆领
家用马桶刷子,享新惠不伤马桶马桶刷死角多功能厕所刷长柄洗厕所刷子厕所刷缝隙,艾瑞&middot;卡尔手指认知书(12册) 艾瑞-卡尔(eric carle) 著 儿童文学 少儿 江苏教育出版社 图书
印刷厂,画册印刷企业宣传册定制公司广告设计图册制作样本说明书手册打印,3袋组合山小怪韩国洗衣机槽滚筒波轮专用清洗剂清洁剂粉450克正品
千鸟格凉鞋,2021新款帆布半拖女夏季外穿ins潮时尚百搭厚底凉拖鞋仙女风平底,无孔铜钱草水仙花盆陶瓷创意大号口径水培水养荷花碗莲睡莲花盆缸
泡瑶浴木勺子,包邮美容院木桶水瓢水勺瑶浴勺浴盆洗澡桶配件实木瓢舀水器木勺子,预-定 比利时neuhaus诺好事松露圣诞礼盒装410g
黑芝麻熟,黑芝麻新货生黑芝麻食用黑芝麻生黑芝麻炒熟芝麻油麻糠麻100g/袋,12cm厘米11公分内增高小白鞋女超厚底真皮坡跟小白鞋系带打孔单鞋
菜板盘,胡桃木面包板实木砧板切菜板切水果案板家用多功能牛排托盘披萨板,天道酬勤vivox60手机壳x60pro液态硅胶x60pro+保护套x6o全包防摔气囊软壳个性创意男女新款网红
冰球大战桌,厂家直销豪华型成人儿童桌上面冰气旋悬空气曲棍球机桌台包邮梵木,革命英雄董存瑞手抄报模板电子版红色经典故事少年英雄王二小线描
衣架 护衣衣架,无痕晾衣架防肩角衣挂衣架子家用挂衣肩防滑护衣不起包浸塑晒衣撑,白色条纹拼接印花衬衫女新款2022年条纹衬衣女计感小众春季上衣女
小迷糊官方旗舰店正品,小迷糊艺术家联名款小水库面膜20片玻尿酸补水保湿舒缓修护面膜,美式沙发垫防滑四季通用田园乡村简约现代条纹北欧沙发笠套罩定做
小型烫粉炉,商用电热煮面炉锅煮粉机麻辣烫冒菜桶关东煮台式水饺粉炉粉篱锅架,【离鸥的店】原创设计原神荒泷一斗周边拼豆钥匙链挂件
儿童唐庄,男童唐装中国风拜年服宝宝过年衣服新年冬装棉衣棉袄加厚棉服汉服,温柔系粉色仿貂绒毛衣外套女冬季2021新款v领针织开衫短款上衣潮
外贸外套女大童,出口法国2021秋冬女童羊羔绒牛仔外套 儿童加绒短款夹克 保暖外衣,沁园厨下式净水器海王系列6901，全国联保，官方售后
osmo action,新品akaso brave8运动相机4k高清60帧防抖裸机防水摩托车记录仪,德训鞋女鞋春秋季2022新款小众潮鞋子厚底增高学生小脏橘运动板鞋
七只羊旗舰店官网,七只羊羊毛裤加厚加绒保暖棉裤中老年男冬东北保暖裤新62003,儿童羽绒服新款时尚潮流洋气女童中长款中大童装冬装宝宝加厚外套
福喜一体化泵站,一体化预制泵站   一体化提升泵站玻璃钢智能雨水污水提升泵站,2021新款小众文艺风娃娃领衬衫马甲两件套女春秋学院日系复古上衣
恒压阀气瓶一体,军工g34进口高压瓶头设备瓶纤维碳小l6小潜水全套气瓶气阀一体,百变胖虎表情包盲盒潮玩正版不二马大叔的胖虎虎年网红摆件礼物
如梦之梦原著,如梦之梦 赖声川 著 官方正版 包邮 肖战如梦之梦即将出演经典,宝宝网纱连衣裙 2022夏装新款女童童装儿童无袖露背裙子qz-4735
马术靴女,【pe官方企业店】galileo成人马术长靴骑士马靴柔软舒适耐磨防滑,金袖鲫鱼钩有倒刺无倒刺高碳钢野钓台钓白条垂钓鱼钩套装袖钩
绿化水管地接头,小区草坪取水钥匙杆 1寸取水杆4分软管园林取水阀洗车快速取水器,nars娜斯黑红魔方口红吉普赛940/975摩洛哥967/967narumi/mona964
保合丸,同仁堂保和丸(水丸)6g*10袋消食和胃腹胀胃胀气消化不良不欲饮食,铁丝网围栏网养殖网防护网养鸡网鱼塘果园菜园围网隔离网栅栏兔笼
小读者学堂vip,樊登读书vip会员卡年卡一年vip卡,小蚁行车记录仪吸盘支架 青春版/动力版固定底座c2改装专用架配件
液相色谱柱c18,岛津gl inertsil&nbsp;ods-3 液相色谱柱  5020-01731 5020-01732,小皮欧洲原装进口小麦胚糙米谷物粉婴儿高铁米糊辅食160g2段米粉
聚碳酸酯阳光板,阳光板pc透明平板遮阳雨棚耐力板隔热中空婚礼采光插接隔断空心板,秋冬季修身显瘦羽绒棉服女中长款加厚宽松连帽时尚女棉衣装外套
12年比亚迪l3方向助力油壶盖,适用于原厂比亚迪f3g3f0l3助力油壶盖杯bydf3rf6g5速锐全笛汽配件,儿童加绒牛仔裤中大童修身弹力一体绒休闲裤百搭加厚长裤冬季新款
拉丁新款舞服,茜卡索 拉丁舞服男童练功服上衣长袖薄款舞蹈训练服宽松t恤g5071,飞利浦t5灯管21w28w14w865 8w830 840三基色节能日光格栅灯灯管
苹果手机官网旗舰原装电池,原装  sf02xl shtnn-db6h tpn-c118 tpn-c119 平板电脑电池,维多拉斯2021秋季100%山羊绒女士圆领花样下摆针织打底衫羊绒衫
真草皮,带泥土草皮真草坪地毯草果岭草种植别墅庭院马尼拉草坪工程绿化,韩版秋冬新款加厚时尚棉服宽松显瘦百搭休闲长袖带帽ins女潮外套
可升降书桌,电动升降桌台式电脑桌办公学习儿童电竞书桌子可移动升降支架桌腿,创意设计弹簧式28格可拆分药盒塑料收纳盒糖果盒分装药盒收纳盒
优美路过,akm高速电机专用控制器36v48v,秋芭莎蓝牙衣舍大衣好伴侣90羽绒马甲
麦克风夹领式,无线领夹式麦克风话筒录音麦星唱户外小蜜蜂采访直播网红明歌降噪,の[wtf494446al] 笑涵阁 偏爱精制的优雅 秋高阶粗花呢 羊毛外套
qq群拉人,qq拉人入群，100-2000，速度快质量高不掉人,心迪妈妈山楂糕无大块棒棒零食草莓小独立包装40
威海味岛,推荐味岛牛排整切调理牛扒10片组合冷冻水产谷饲西冷黑椒肋眼包邮,日本ryobi远投竿全套裸竿碳素海竿抛竿套装30号超硬长节淡水海钓
bcbabycare,babycare慕斯柔绵柔巾成人系列干湿两用76抽*1婴儿新生宝宝可用,雪山适用iphone13promax手机壳苹果12保护套magsafe磁吸xr新款xsmax迷你超薄裸机mini网红高级感半包透
loveloveloc,loveloc月子服秋冬产后纱布哺乳四季孕妇睡衣纯棉家居服吸汗12月,产自鄂尔多斯纯山羊绒圆领抽条不对称撞色条纹针织女衫
居厚笔庄,毛笔勾线笔纯紫毫野兔毛国画工笔勾线佛像线条依纹瘦金体专用毛笔,北汽新能源ev150ev160ev200ex260ex360昌河q25车门锁中控锁
牙医咨询,中诺口腔预约挂号面诊口腔检查牙科牙齿问题在线咨询口腔护理挂号,海尔出品leader/统帅 jsq22-12lv(12t)天然气租房燃气热水器12升
菊花娃娃注音版,菊花娃娃 曹文轩 正版书籍 新华书店旗舰店文轩官网 明天出版社,欧货时尚舒适加厚连帽羽绒服男士2021冬季新款字母印花拼色外套潮
汉中真空泵,供应汉钟真空泵ps602 进口真空泵销售售后维修保养厂家包邮,加肥加大西装外套男宽松商务西服胖子大码休闲帅气特大号肥佬单西
德国品牌汽车内饰清洗剂,德国进口sonax车用内饰清洁顶棚家用织物皮革座椅脚垫去污321200,儿童包跟棉拖鞋秋冬男童保暖家居鞋女童防滑毛拖鞋宝宝棉鞋冬季
全德福,全福德特浓原乳口味夹心迷你冰糖葫芦鲜山楂糖葫芦小零食解腻消食,漫步者耳机套lollipods无线蓝牙耳机充电仓硅胶软纯色耳机保护套
马桶 花,网易严选马桶除臭去异味清洁凝胶小花洁厕灵清洁剂蜜桃味*3盒,好孩子婴儿洗衣皂宝宝专用新生婴幼儿儿童bb婴儿洗尿布皂肥皂抑菌
台拳道的靶子,跆拳道脚靶脚板踢靶道靶儿童训练器材手靶双叶脚把靶子鸡腿靶响靶,防冻耳罩男孩儿童耳包保暖男童冬季护耳捂可爱女童网红耳套2021年
iphonemini,新品现货apple/苹果 iphone 12 mini手机5g大陆国行12mini全网通,短外套女士装春秋冬季2021年新款爆款洋气小个子夹克风衣时尚上衣
小茵熊尿片,批发小茵熊纸尿裤尿不湿拉拉裤医护级3d面层xl棉芯透气超薄通用,挖掘机配件日立zax200/210/240/250/450-1-3-6回油单向阀
米饼婴儿无添加,5盒装旺旺贝比玛玛米饼儿童磨牙饼干零食 可搭配宝宝婴幼儿辅食,口红奶茶色不掉色不沾杯滋润保湿防水显白学生党孕妇可用素颜口红
大正乳胶枕,bs乳胶枕头泰国原装正品大正天然乳胶枕头bsionlate乳胶枕头一对,女士套头毛衣半高领长袖中长款连衣裙秋冬宽松直筒过膝针织打底裙
博世hb656gs1w,bosch/博世新品多功能烘培微蒸烤一体机蒸烤箱微蒸烤三合一cpa569,门口鞋柜和挂衣柜一体家用可坐可挂衣服衣架小户型外2021年新款
绿豆芽专用豆,2021年第一批新绿豆5斤散装农家自产笨绿豆汤配料明绿豆 发豆芽,福特嘉年华扶手箱改装专用手扶09三厢10免打孔11中央12配件13款14
易思味代糖,代糖天然零卡糖赤藓糖醇无糖食品优于白砂糖150g甜菊糖烘焙木糖醇,爆美气质！大克重加厚 100%纯羊绒裤子女外穿 柔软四平阔腿裤
寺庙供灯牌,西藏扎基寺供灯 财神寺庙代供酥油灯 本人在拉萨 可分享供灯视频,1-3-4-6岁儿童悄悄看里面科普翻翻游戏书 早教启蒙揭秘身体屁为什么是臭的便便是怎么来的幼儿百科趣味科普故事书全8册宝宝撕不烂
毛绒绒鞋子,肯恋可爱兔兔棉拖鞋毛绒拖鞋女加绒加厚秋冬外穿棉鞋2021冬季新款,山东乐畅五香粉调料金装系列袋装30克炒卤炖菜烧烤调馅饺子包子
分格收纳毛衣,叠衣服神器 叠衣板t恤宝宝衣物毛衣裤子牛仔裤收纳箱分隔衣柜整理,韩国童装儿童卫衣21秋冬季新款洋气男童休闲立领插兜宽松外套上衣
九龙风克星,风彩色九龙盒大瓶装20颗，五个包邮包装生物克星。,回力棉麻拖鞋女居家四季防滑春秋亚麻布艺厚底吸汗室内男客用棉拖
汽车轮胎气压监测器报警,汽车胎压监测器车载隐藏式无线太阳能外置内置轮胎高精度检测仪器,宾纪轻奢秋冬季男士中年皮衣真皮长款鹿皮翻领修身时尚夹克外套
适马18 50贴膜,适用18-50 f2.8 贴纸适马1850 dcdn镜头贴膜sigma保护膜全包皮3m,假猫咪模型仿真猫咪毛绒玩具公仔小猫咪玩偶摆件仿真会叫猫咪礼物
笔记本南桥芯片,10代南桥芯片 srh1c  fh82b460  srh1d fh82h410  全新现货,班尼路正品秋冬新款纯棉男士保暖卫衣加绒加厚套头圆领长袖t恤打
火机套,牛皮手工打火机保护皮套男挂腰防摔商务定做都彭朗声保时捷zippo,转盘微波炉适用烤盘不沾烧烤盘接油盘耐高温披萨盘适用格兰仕美的
ps5蜘蛛侠,ps4游戏 漫威蜘蛛侠 迈尔斯莫拉里斯 蜘蛛侠 2 中文版 现货,玉友味椒盐粉840g瓶装烧烤调料鸡排手抓饼羊肉串油炸撒料包邮
铝塑板临沂,铝塑板门头招牌3mm8丝好料铝塑板墙贴室内外墙装饰高光铝塑板板材,男童裤子春秋款儿童牛仔裤宽松韩版洋气网红潮牌男孩大童秋季长裤
奢侈品牌运动男套装,高端潮牌冬季新款男装连帽休闲运动套装美杜莎刺绣金丝绒加厚加绒,云龙梯人字梯铝合金升降梯梯子配件活动地脚防滑加厚橡胶脚垫厂家
缓冲珠,100粒/盒路亚圆形挡珠塑料珠6mm 8mm彩色钓鱼珠钓鱼配件夜光挡珠,维修美德龙各种p21 p11  t24e tm26d t26k td1 t1001-02 对刀仪
渔家姑娘虾尾,【2.5斤&times;2袋】渔家姑娘麻辣小龙虾尾冷冻非鲜活生鲜香辣盒装虾球,上海第四电表厂高精度mf14型万用表 星牌机械式老表 可开票
神牛v850,神牛逸客v850ii二代机顶单反闪光灯佳能尼康宾得高速同步热靴灯 索尼奥林巴斯离机相机闪光灯便携,德芙虎虎生威德芙虎年巧克力德芙巧克力虎虎德芙生肖德芙12生肖可
汉俄译音对照表,【可点读】零起点俄语金牌入门（基础发音及新编俄语语法教学视频+键盘纸表+词汇+练习字帖）发音单词句子会话 俄语入门自学教材书,【正版】快速阅读 继本圆香
新蒙迪欧车型字体,适用福特锐界蒙迪欧翼虎福克斯后标志致胜金牛座英文字母标车标,加绒加厚蕾丝打底衫女春秋装2021年秋冬新款蝴蝶结上衣服洋气百搭
mxr222,北京秋音 邓禄普mxr m222 talk box人声说话盒子吉他单块效果器,潮牛文举 正宗潮汕黄牛匙柄牛肩甲里脊肉新鲜牛肉火锅食材250g
大圆桌,餐桌椅组合新中式现代简约吃饭转盘餐厅实木大小圆桌子家用小户型,性感男士内裤/网纱内裤/透气清凉/三角裤/露臀 透明男内裤
全银杏木万安三元罗盘盆阴阳,万安罗盘9英寸底座带十字线三元盘非遗手工银杏木古镇源旭堂永记,美宝更换护照代填ds-3053代办美国护照更换预约代填ds-11申请表格
箭牌卫浴马桶ab1183,箭牌座便器ab1183  居然之家 连体坐便器,2022版五年高考三年模拟高中生物必修1分子与细胞苏教版新教材 新高一江苏同步课时训练习册必修第一册辅导书5年高考3年模拟曲一线
钢片琴 麦尔,x标价9折雅马哈yamaha ygs-70 yg-50d yg-250d 1210 2500钢片琴,kkf珂卡芙21年春新款蝴蝶结水钻平底闪亮尖头软底小香风浅口瓢鞋111100451
飞猪旅游,12人小团0自费西藏旅游供氧酒店拉萨布达拉宫羊湖林芝7天游,牛仔马甲男童2021新款韩版帅气儿童马夹背心春秋外套宝宝坎肩外穿
经期护理仪,livia大姨妈神器生理期肚子疼月经护理按摩仪送女友老婆生日礼物,霜糖山楂山楂果冰糖雪球雪红果滚雪球糖霜山楂炒冰糖葫芦现做现发
7.5kw伺服电机发那科主轴,发那科a06b-1411-b150 b153 b200 fanuc主轴电机马达原装现货议价,2021年新款爆版奥粒绒休闲时尚夹克男士加厚保暖立领外套拉链棉服
锥心磨头,金刚砂磨头戒指手镯玻璃倒角钻内圈砂轮打磨头金刚石磨轮锥形磨头,qni韩国代购 earlgrey 苏丽羊驼毛100短款西装大衣外套 122118
檀苑礼品阁,哈利波特周边手机金属贴霍格沃茨马尔福装饰贴纸ipad贴画手账防水,周大福星24k越南沙金999黄金耳环满天星大圆圈夸张耳饰耳圈防过敏
日本制墨朱液,开明朱墨液朱砂墨汁 红墨汁 日本原装进口 书法国画创作 文房四宝,适用华为8x 荣耀8x 8xmax荣耀9x 9xpro畅享max小板送话器话筒咪头
点歌机特美声丅k-20,特美声点歌机红外触摸屏家用卡拉ok家庭ktv户外移动点歌机便携式,2021春装秋装蜘蛛重工钉珠镶钻高领黑色套头短款针织衫短袖毛衣女
星网锐捷录音服务器,ip电话录音服务器 1000g存储 web管理操作查询回放下载统计报表voip录音机,现货发顺丰 mh megahouse gem 死神 bleach 四枫院夜一 手办
片子黄,漳州 片仔癀1粒装 片仔癀锭 病毒性肝炎药 肝宝 护肝片 乙肝肝病用药 清热解毒一粒装 漳州片籽黄药丸章州药店官方旗舰店 漳州正品,高档水晶汽车挂件女神款雪花车内吊饰品车载上后视镜网红个性创意
坦克300雾灯,适用jeep牧马人黄金眼雾灯改装闪电黄金雾灯高亮防雾透镜黄灯雾灯,贵州土面条特产小吃农家手工碱水面挂面热干面凉面3斤全麦面条
单链微耕机小黄牛,单链轨汽油微耕机 气死驴单链轨柴油耘地机 便携式u家用小型犁地,甜酷少女蝴蝶结链条银适用iphone13苹果12手机壳11promax新款xr/8
破风坐管,水滴座杆破风座杆转直管座杆坐杆夹 座管夹 水滴车架座管转换座,光遇账号zx009/预言/梦想集结小王子/圣岛/蝙蝠斗篷/巫师帽武士裤
儿童中药材煲汤,儿童汤料包核桃仁党参太子参健脾胃汤秋季汤料排骨汤料包鸡汤药材,门口进户喜庆2022新年中式红色卫生间虎年半圆地垫门垫玄关脚垫
老五菱宏光1.2发动机线束,原装五菱宏光b12发动机线束总成   电脑板线束总成（1.2排量）,2020夏季新款男士秋衣长袖t恤男薄款圆领印花青年韩版上衣打底衫
克洛伊旅拍,【高级定制】自由行2天畅拍即修三亚丽江大理旅拍婚纱照,泰贵医学xc101人体骨骼模型180cm头颅骨、脊椎、胸廓、骨盆、上肢骨、下肢骨可活动关节可拆卸骷髅骨架
智能巡检仪,巡更棒电子巡更系统4g实时在线彩屏中文巡更机保安打点巡逻棒仪器,潮牌弹力针织袜子鞋女2021秋冬新款高帮运动休闲鞋街拍鸳鸯短靴潮
sonya6300,sony/索尼 a6400l16-50镜头a6100高清微单反高清数码相机a6000,糖果色钩针套装彩虹色软柄钩针套装 diy编织工具
扫描翻译笔s50第七代,词典笔s50 新款安卓智能点读笔扫描同步课程初高中小学英语翻译笔,三抓拉马两用省力爪洗衣机拆卸专用工具轴承拉力器皮带轮扒子16寸
有瑕疵的，花生筋膜球,ksone瑕疵花生球 筋膜球健身瑜伽肩颈椎背部足底按摩深层肌肉放松,超飞跃跳绳超飞跃跳绳竹节跳绳健身燃脂女生专用减肥专业运动成人
鱼雷炮,穿透王口水剂k9钓鱼小药黑坑鲫鱼鲤鱼饵料散炮添加剂野钓促诱食剂,moussy vivi女童羽绒棉服~2021新款中小童女宝宝外套秋冬洋气棉衣
医院证,凭证疾病证明住院定做单病条纸病情证明清单门诊病历本假期申请单,男童纯棉袜子秋冬童袜男宝宝冬季小孩棉袜秋季儿童春秋加厚中筒袜
新宝骏牵引盖板,适用宝骏360/310w/510/560/730宏光s新款前保险杠拖车盖牵引勾盖,加厚双肩背板胡曲胡两用包板胡黑子曲胡盒子加厚乐器箱包
b10142203,波司登2021新款男羽绒服高端户外gore-tex短款防风保暖90鹅绒外套,卧室女房间改造小户型阳台休闲休息区接待网红懒人双人南瓜小沙发
蝴蝶型膨胀管卡,卡扣石膏板飞机膨胀螺丝钉 蝴蝶型空心板固定器镀镍子母套筒空,网红小皮鞋女2022春秋新款百搭平底显脚小配裙子英伦风复古牛津鞋
波亚克澡巾,haoda洗浴平板搓澡巾后背搓泥澡巾成人擦背搓背洗澡巾搓背巾包邮,新色mac魅可口红唇膏唇釉尤雾弹小辣椒991 泫雅923 916 磨砂哑光
环球影城 生肖鼠,北京环球影城代购限定款小黄人十二生肖系列盲盒隐藏正版周边现货,新年花里虎哨适用苹果8plus手机壳女款7plus保护套8网红se2液态硅胶iphone镜头全包卡通可爱防摔磨砂软壳潮牌
电视机罩2021新款轻奢,高档雪尼尔蕾丝55寸65寸电视罩电视防尘罩三星索尼75寸曲面电视套,【史莱姆卡牌】sec/x 神谕二十一柱viii 力量 bs57 战斗之魂 bs
达叔926词汇,新东方考研英语词汇2022王江涛十天搞定考研词汇乱序版英语一英语二考研真题词汇核心突破高频大纲词汇速记单词书10天搞定考研词汇,适用于苹果ipad平板电脑支架网课直播通用便携华为平板架子matepad可升降手机支架m6学生小米三星桌面可调节
油锯链条磨链器,磨链机器电动链条电锯汽油锯锉刀打磨机金刚砂磨头挫伐锯神器专用,温州特产鮸鱼干半干淡晒鳘鱼干米鱼干无盐海鲜干货马鲛鱼干500g
德纳变速箱法兰,dana 德纳变速箱变矩器车桥配件,包邮】eco牧光森林侏儒仓鼠粮/金丝熊粮整袋分装试吃营养天然主粮
我想要看舞台唱歌的舞台跳舞的那种裙子和舞蹈鞋还有舞蹈袜,舞蹈鞋儿童女软底练功鞋女童专业跳舞鞋小女孩宝宝中国舞芭蕾舞鞋,2022春装新款风衣女中长款修身收腰气质30岁40端庄大气小个子外套
小猪仔,泰国小香猪活体幼崽家养纯种宠物猪可爱萌宠网红猪仔长不大迷你猪,，过年装饰福袋挂件门春节新年挂饰串家用炮仗客厅室内春节家庭布
孩孑男孩身高标准,1-18岁儿童身高体重对照表海报墙贴婴幼儿标准体重和身高知识挂图,冬季2021年新款潮男士增高鞋板鞋内增高男鞋低帮帆布鞋男潮流百搭
电磨头,硬质合金旋转锉金属内磨头大全手电钻打磨工具钻头电动挫钨钢铣刀,围巾《焰羽》 材料包
lolita裙,随意原创lolita/华莉丝公主/op/无罩纱蝴蝶结/现货掉落/15日发货,禽免疫球蛋白口服溶液鸡鸭鹅鸽子信鸽赛鸽鸟用饮水提高免疫抗病毒
宾渡鞋,宾渡男鞋2021年冬季加绒保暖新款棉鞋男真皮男士马丁靴高帮雪地靴,红蜻蜓男鞋冬季牛皮运动休闲鞋男士皮鞋内增高加绒鞋子男c0211064
电子磅秤,精准厨房秤家用电子秤烘焙食物秤高精度台秤商用称重磅小型克称数,威玛美式复古纯实木餐桌餐厅桌椅做旧长桌酒店桌 客厅茶几办公桌
凯速跳绳,无绳计数跳绳健身减肥运动女专用小学负重男专业燃脂儿童重力绳子,良良家 心动降临~秋冬小众条纹v领露锁骨宽松休闲针织连衣裙女
14款奔驰e260后排水杯框架,适用于奔驰e200 e260 e300 e320 e350l后排水杯架 后马鞍子烟灰缸,工业手推车脚轮4寸5寸转向轮静音平板轮子橡胶轮万向轮拉货车滑轮
，喷水导弹,a15进口导弹喷头农用电动喷雾器打药机可调雾化远近远射细雾铜喷,雪佛兰乐风rv科迈罗开阔者中控台密封条仪表台缝隙防尘隔音胶条挡
二手瓷版画,二手古玩杂项收藏品 老瓷板画 红木挂件 老货旧货老物件 农村收到,tasly/天士力 3g*1丸/盒 安宫牛黄丸中风 昏迷 脑出血
weight gainer tablet,ayurleaf weight gainer - men's weight gain formula. mass ga,传统手工陶土泥炉炭炉火锅瓦片烧烤泥炉烤肉炖汤碳炉煮茶炉
云南德春藕粉,【厂家直营】云南德春牌红枣藕粉40小袋装抚仙湖特产1000g,欧洲站时尚爆款西装领连衣裙女中长款秋冬季高级感风衣外套英伦风
louise roe,代工厂直供丹麦louiseroe同款balloon灯笼瓜棱起球绿色玻璃花瓶,qinwuhodo/秦舞堂墨檀系列化妆刷提纯细光峰羊毛扁舌散粉刷3-8
电动机制动器,厂家直销弹簧失电制动器  电机抱闸断电刹车 制动器电机抱闸,香港真皮小白鞋女2022新款春季ins风平底休闲运动鞋系带圆头女鞋
古风假发短发可入,汉服假发包一体式懒人发箍全头套古风明制造型古代盘发发型垫发包,正版 养热带鱼&amp;水草你学得会 观赏鱼书籍热带鱼养殖技术书籍 水族箱养鱼喂养技巧大全 常见鱼病防治技术治疗书籍 水草养护培
嘉吉奥尔良鸡翅,嘉吉尚选经典对翅1kg10对 腌制奥尔良全翅对翅烤翅冷冻油炸小吃,超火小香风名媛高级感羊羔毛外套新款女装设计感小众上衣ins女潮
毛笔自制,胎毛笔相框婴儿胎发笔宝宝胎毛纪念品制作diy定做满月婴儿脐带章,全心爱你畅玩版安卓手机游戏 解锁付费内购版中文剧情冒险手游
海南香蕉,苹果蕉正宗香蕉新鲜10斤自然熟当季水果粉蕉小米蕉芭蕉香焦甜整箱,【正版书】 耕林童书馆&middot;地面地下 邱承宗 文图 希望出版社
中学生英语词典,学生实用80000词英汉词典最新版小学初中高中学生实用多功能大词典英语字典汉英互译小学英文小学生实用工具书辞典2020,适配大众新速腾机盖胶条机盖密封条发动机机舱集水板胶条汽车配件
新疆羊肉串,【帝王烤吧】羊肉串/5串 烧烤食材配送顾村公园bbq新鲜烤肉半成品,手机屏幕贴膜工具钢化膜纠正定位贴引导标签除尘水凝膜粘灰吸尘贴
鞋子男士冬款,骆驼男鞋2021秋冬款工装靴男百搭潮流运动轻盈高帮时尚休闲马丁靴,2022虎年汽车对联出入平安磁力车贴新春节车贴家用防盗门春联冰箱
supermonkey,超级猩猩瑜伽弹力带练翘臀拉力圈男女力量训练阻力带伸展弹力圈,适用于宝骏360扶手箱套360专用中央手扶箱皮套汽车内饰改装饰
白头发治根转黑,法国proocean何首乌洗发水滋养白发变黑发转黑发纯植物乌发旗舰店,百通三角形中性笔0.5mm学生纠正握姿防疲劳正姿水笔大容量碳素笔
so潮品服饰鞋帽,2021秋冬季加绒华夫格卫裤潮流韩版休闲百搭男女生运动裤束脚裤子,上海故事2021新款围巾女秋冬季韩版百搭格子加厚学生情侣围脖男羊
红金布,包树金布 包柱子 烫金布料金色皱金布红色婚庆节日装饰布 金箔布,适用鸿蒙智慧屏电视遥控器蓝牙语音hdrc-bv1 华为荣耀lok-360遥控
鼻烟壶,德国伯纳德bernard 酒香果香特凉系列 聚合伯拿多种风味进口鼻烟#,现货cabana正品&amp;tradition setago jh27无线手持礼物蘑菇台灯
电动车披风,电动摩托车挡风被冬季加绒加厚电车电瓶防风罩防寒春秋双面防水,raminisce美国14k包金注金项链适合叠戴的百搭日常细链颈链锁骨链
中科汇百小字符喷码机,中科汇百h8550小字符喷码机全自动纸盒包装袋管材线缆高速打码机,硅胶便携分装瓶旅行挤压式软乳液瓶化妆品沐浴露洗发水空瓶子套装
866主机大众,大众9.2寸玻璃屏幕 适用于866a 048 049 哈曼等9.2寸系统主机,中国风刺绣文字恭喜发财适用iphone13/12pro max苹果11手机壳xr/xsmax皮纹平安喜乐78plus情侣创意防摔
hagibis,海备思ipad pro拓展坞扩展air4mini配件转接头type-c转换器hdmi2021苹果平板电脑usb连接电视读卡投影仪u盘,完美日记呼吸卸妆油轻盈温和安全眼唇脸敏感肌卸妆50ml
旧羽绒服拆除刀,拆旧羽绒服羽绒被剪刀子划切割工具滑刀装羽绒被翻新店加工店装绒,红星闪闪红军五角星海星做旧工业风地中海中国风摆饰墙饰隔板摆设
13款奥迪a5电瓶,适配奥迪q3q5q7a6la4a5a7瓦尔塔原装厂电瓶启停专用蓄电池agm92ah,日本普乐士plus修正带学生用涂改带改正带可换替芯文具男替换芯大
天籁空调滤芯,博世空调滤芯适用东南dx7新天籁西玛楼兰英菲尼迪jx qx60新滤清器,琵琶华为荣耀magic3手机壳女magic3pro玻璃壳至臻版中国风honor复古花朵硅胶全包防摔网红小清新保护套新款
喜来健床垫,喜来健爱眠单人床上电热褥垫毯生态能量玉石控调温家用床褥垫定制,户外功夫茶具烧水煤气灶燃气套装便携露营泡茶煮茶炉室外野营装备
零式战机,4d拼装模型1/48二战飞机模型海盗喷火战斗机玩具军事摆件,东成dcpb280b/z/h锂电无刷电板手东成18v4.0第四代架子工扳手裸机
22226k洛轴,洛轴 洛阳lyc轴承 22226 22228 22230 22232 22236k,美团外卖箱配送箱/大小号美团送餐箱epp泡沫箱车载送餐保温箱装备
抓钉鞋,酷然简易冰爪户外专业雪爪攀岩登山装备冰抓雪地冰上防滑钉子鞋套,泊雅丽天然满肉柿子红南红玛瑙隔片 四川九口南红垫片diy配饰
气球熊猫灯,儿童吊灯男女孩房间灯卧室床头创意可爱宇航员浪漫气球装饰吸顶灯,米阿玛施曼立领牛仔短外套女宽松韩版2022春季新款休闲夹克衫上衣
烫衣垫布,熨衣垫烫衣板衣服大号垫布叠衣服懒人创意防滑可折叠服装店便携烫,冰雪奇缘艾莎安娜全棉贡缎女童家居服睡裙长袖长裙
西西里的美丽传说未删减,海报西西里的美丽传说资料 玛莲娜mal&egrave;na  高清 1080p 未无删减,海尔加湿器家用小型卧室大雾量孕妇婴儿室内静音办公室负离子雾化
卧室屏风 防透光,屏风隔断墙遮挡简约现代家用客厅办公室简易折叠移动轻奢布艺折屏,大门装饰角d花中式仿古木门纯铜包角古典花园门黄铜护角压条角码
冷却塔隔音屏,工业厂区吸音墙高速公路声屏障空调外机室外隔音板冷却塔消音降噪,固特异男鞋2021年新款潮鞋百搭小白运动休闲鞋男士潮流真皮板鞋男
小佩粘毛,小佩petkit滚筒粘毛器粘毛纸替换装*6卷 适用于小佩滚筒粘毛器,医用304加厚不锈钢弯盘腰盘换药碗盘纹绣盘腰子盘换药盘托盘
teamwang贴纸,王嘉尔同款纹身贴 team wang 福字0423鼠手臂小腹贴 锁骨贴防水女,50张小学生包书套环保书套透明包书皮a5b5a4防水书本保护套1-2-6一二三四年级套装16k课本书膜自粘式卡通全套
清寿之森,伊藤久右卫门京都宇治知名品牌300年老茶铺30g罐装烘焙小绿抹茶粉,记工  3-16mm(1/8-5/8)  v1型管子割刀 制冷割刀 切割铜铝管割刀
反映球,六角球反应球灵敏反应球变向球篮球儿童敏捷乒乓球速度健身训练器,黑色高跟鞋女细跟职业不累脚2022新款年会大码尖头单鞋气质工作鞋
芝浦角磨机台,包邮芝浦角磨机支架万用多功能角磨机改装台锯切割机支架固定架子,acw字母一面冷墙美式宽松高街潮牌ins套头休闲连帽卫衣帽衫男女款
摩托咖m8➕,摩托咖m8+摩托机车防水前后双镜头行车记录仪索尼夜视高清摄像机,caser凯撒女式暖膨绒羊绒感bi511107可外穿长袖长裤睡家居服套装
ticwatchprox,（新款上市 ）ticwatch pro x智能手表全网通独立通话运动防水心,鮀品 鞋子女2021年冬季新款小白鞋ins潮女鞋学生蓝色运动休闲板鞋
dvd影碟片动漫,动漫 斗破苍穹 第三季-全12集-2dvd 高清视频dvd碟片光盘,儿童生日礼物实用送宝宝女童女儿公主小礼品幼儿园小朋友孩子惊喜
儿童虎头小粘贴,幼儿园卡通动物头饰表演道具十二生肖舞台剧故事儿童游戏面具老虎,大叔垃圾袋加厚圾垃袋厨房大中小号黑色手提式拉级代一次性卷装塑
贵州银饰画,贵州地方特色工艺品 苗族银饰家居民族风立体挂画装裱框画,zocalo金刚杵系列小龙头降魔杵吊坠项链男女轻奢小众高级925纯银
据木头神器,龙韵角磨机改装电链锯家用木工多功能小型电锯手持伐木锯电动锯子,白色猫耳朵毛绒发箍女毛茸茸洗脸可爱猫咪发卡毛毛敷面膜头箍头饰
行车记录仪挂扣,后视镜行车记录仪固定皮筋通用挂钩绑带反扣魔术贴扎带挂钩程旌,北欧ins轻奢创意客厅糖果零食收纳水果盘红酒架摆件家用玄关托盘
小剪刀各种颜色,家居裁剪修线纱线小剪刀多功能便携家用裁缝剪刀服装剪线头,fcpx插件300种多功能文字标题字幕动画豪华合集 fcp titles mega
双背鱼胶,60头北海胶双背公胶原胶野生花胶干货正品胶质饱满补胶原250g,vivoy76s手机壳vivo y76s保护套vlvoy新款viviy创意vovoy网红voviy可爱viv0y卡通v2156a
jumpingcat,岚纹蜜桃提臀健身裤女高腰瑜伽收腹秋冬外穿弹力跑步紧身运动长裤,二手history of modern art (paperback) (7th edition)现货
氟牙齿保护漆,拜博口腔 儿童防龋卡防蛀牙龋齿童龋齿牙齿护理全口涂氟窝沟封闭,华歌尔 18新款中腰塑裤wg6618 459
昆仑煮雪,新年礼物cosmic speculation宇宙的猜想桂花香薰礼盒蜡烛香氛扩香,nike 耐克小白鞋婴童运动童鞋魔术贴休闲运动鞋579949 579953
水晶雕刻定制,厂家定制水晶激光内雕建筑三维3d模型纪念礼品水晶楼模摆件定做,ins桌飘气球支架生日装饰儿童一周岁宝宝宴派对桌面布置野餐场景1
劲战飞旋脚踏,摩托车三代目劲战后脚蹬 林海极光三阳战鹰古思特后脚踏飞旋脚蹬,3d立体壁纸白色羽毛翅膀墙纸客厅电视背景墙布网红直播间北欧壁画
扁吸管,wemug hotsips热饮环保扁形吸管极简复古咖啡杯食品级塑料tritan,5弹1元口袋精灵卡片lr伊邪那岐神奇卡gr裂空座皮卡丘宝可梦ssr牌
二号首长,当当网官方旗舰 古董局中局1234全套4册马伯庸著全新修订 雷佳音李现主演同名小说原著科幻侦探悬疑推理历史军事小说畅销书排行榜,韩国代购女装2022年新款春款 tomboy 针织开衫 91021-51121
宜家涂色卷纸,宜家国内代购 免代购费 耶特里克 填色卷 10 米404.852.17,kt且初元气橙摩雯思发油护发精油改善毛躁头发分叉干枯卷发护理
桃核刻字,桃篮桃核纯手工雕刻精品小筐宝宝野桃核桃框手链纯手工雕刻可刻字,2021秋冬新款时尚小香风菱格绣线质感精致链条金球包单肩斜挎百搭
三星4200一体机,4200三星机一体多功能二手,喜语商务简约笔记本文具皮质会议工作手账日记本签字笔16gu盘伴手礼品盒套装绑绳记事本子皮面会议本定制logo
桃干无添加天然,黄桃干500克农家地方特产果脯条毛桃果干办公室网红散装怀旧零食,2022教材1十1三年级下册数学西师版同步课本教材全解课堂全析课文完全解读全能学练一加一1+1小学教辅导资料书练习册3
铺地膜神器,多功能可调节农用盖地膜工具手拉式覆膜机覆膜器铺膜机地膜覆盖机,mlb卡其色ny棒球帽女new era杨幂同款扬基洋基队la道奇美职棒帽子
德里克罗斯篮球服一套,罗斯球衣1号篮球服背心公牛队复古球裤篮球裤短裤rose球迷版男女,窗帘免打孔安装杆一整套简易出租房遮光卧室客厅飘窗遮挡帘隔断帘
佛山照明摩托车灯泡,包邮单点单丝灯泡电动车灯泡摩托车灯泡12v10w56v10w平脚单点单丝,春秋季夹克男新款潮流ins帅气运动卫衣开衫立领潮牌青年男士外套
野豹杆盒,康溪盛世斯诺克中式黑八九球台球杆黑色双槽大头小头冲杆通杆杆盒,考试中性笔文具学生胶墨日本黑色水笔0.38/0.5笔芯
苹果树授粉花粉,苹果花粉 姬苹果花粉 桃花粉 梨花粉 各种果树授粉用花粉,断码特价外贸欧美风真皮大底羊皮平跟浅口踩跟两穿奶奶鞋女鞋
防雾风镜,男士护目镜防风沙劳保防飞溅工业防护眼镜防尘防风骑行高清运动女,lg 50gb580-cg主板eax65384004/eax65384003配屏lc500duh
乔吉拉德聊天术,世界上最伟大的推销员:原一平与乔&middot;吉拉德的财富传奇 电子书,婴儿手工纯棉花棉袄上衣背带棉裤秋冬加厚宝宝夹棉套装儿童棉服
十二萌神,underverse luv系列 限量版animal kingdom/野性国度 the hunter,摩洛哥民族风正方形地毯复古沙发茶几垫美式乡村入户玄关转椅地垫
艾多美atom美韩国正品,韩国艾多美atom美成人儿童益生菌乳酸菌肠胃秘便四盒装120条现货,thom browne/tb 21年秋冬新款 男士浅蓝色纯棉牛津布修身长袖衬衫
跳高绳子,跳皮筋女小学生怀旧儿童跳绳高弹力加粗耐用老式橡皮筋儿孩橡筋绳,咖啡师卫衣 |全部过萃咖啡传教士萃取不足拉花浪人手冲大师帽衫
步步高扫描笔,官方旗舰店步步高英语点读笔翻译词典笔通用版万能中小学生扫读笔,正版新版2022春状元大课堂二年级下册数学人教版部编版2年级下册
野战基地,3537正品加绒加厚解放鞋男高帮冬季劳保工作棉鞋胶鞋耐磨作训胶鞋,皮尔卡丹高档男士长袖t恤秋冬加绒加厚假两件羊绒衫毛衣polo衫男.
哈尔滨瀚钧药业,金古密 卵磷脂片 0.1g*120片/盒 用于脂肪肝 动脉粥样硬化等疾病症状kx,abmy全是腿辣妹黑色高腰微喇裤 弹力修身侧开叉喇叭休闲长裤女
milani定妆喷雾,清仓持妆实力派 mila*i 定妆喷雾03清爽保湿长效不浮粉不花妆60ml,北鼎内胆炖盅蒸笼养生壶隔水配件k159 k187 k165 k140 k185 k131
玻璃开圆孔神器,玻璃圆规刀家用抽油烟机玻璃开孔器玻璃刀厚玻璃切割划圆工具,金羽杰羽绒服女短款2021冬新款连帽白鸭绒修身保暖外套y21883483y
防锈纸,防锈防水油纸、工业用油纸、液压油纸、卡簧包装用蜡纸 黄色包装油纸工业防锈油纸防潮防锈正度蜡纸400张以上,卡通亚克力发光项链儿童玩具地摊闪光透明吊坠微商地推扫码小礼品
石全久美银饰宝石店,天然黄水晶散珠手链长条2mm 3mm 4mm圆珠材料配饰银饰diy饰品,上海华普配件 郎风 海迅大灯 海迅ma 海迅ab前大灯
云南白药豹七三七粉,云南白药豹七fd三七粉条包120g*2瓶礼盒装文山三七官方旗舰店官网,盲孔b型m4*5/6/8/10*6直纹单通不通孔铜螺母热熔热压滚花铜螺帽
国旗卡片,儿童认世界国旗卡宝宝早教认知识字卡婴幼儿启蒙认图识图益智玩具,可升降可躺午睡课桌椅可升降桌子学生校园课堂躺椅可午休桌子椅子
家用吊篮,户外吊床休闲室外庭院藤编秋千名宿卧室摇摆悬挂床多功能吊椅秋千,加绒加厚半高领卫衣女2021秋冬新款拼接撞色宽松显瘦韩版外穿上衣
电子板异构烷烃清洗剂,electrolube英国易力高flu400d电子清洗剂线路板快干去除膏液正品,手绘青花瓷盖碗茶杯单个景德镇陶瓷功夫茶具泡茶三才碗家用不烫手
大包被,新生婴儿包被冬加厚加大外出产房抱被脱胆棉花初生宝宝防惊跳抱被,dim◆秋美甲贴片甲片假指甲贴成品穿戴式甲夏季可拆卸女套装短款
灶台压边瓷砖,装修台面厨房l磁砖石材压边灶台阳角线装饰条圆角压条护墙角收口,摆摊灯夜市灯太阳能灯充电usb充电灯泡停电应急照明灯户外用续航
游泳胸罩,泳衣胸垫轻盈防水内衣插片小胸聚拢文胸硅胶垫女加厚增大插片,小度在家1s智能音箱改装音频输出纯立体声连接功放音响背景音乐
首饰字印钳子,铅印钳刻字铅封钳邮政夹钳铝管夹钳钢丝绳剪压印钳水电表压字钳子,fbh310 适用全铜原版美地高 右槽 钥匙胚 钥匙胚子  方嫂家
100元以内玩具啊,迪卡侬轮滑鞋溜冰鞋儿童初学者中大童可爱滑冰鞋滑轮鞋旱冰鞋kida,--【正版】刀刀窝窝想长大 套装全6册 读懂孩子心理安抚桥梁书 9787303254224 雨濑 边玉芳 /著 李广宇 绘 北京
强光手电,手电筒强光可充电户外超亮官方旗舰远射便携多功能氙气灯聚光,梵高手机壳适用于华为nova5油画星空田野艺术美术生nova5inova5pro魔方5ipro液态硅胶方形全包软壳超薄防摔套
地台储物柜,飘窗柜矮柜地柜可坐落地窗台柜收纳柜子自由组合卧室储物柜阳台柜,新款太阳能路灯6米带杆超亮新农村马路公园庭院六大功率led户外灯
背刷硬,日本洗澡刷子搓背刷长柄刷背神器浴刷软毛搓澡巾硬毛洗浴搓泥沐浴,名牌包包奢侈品鱼子酱方胖子小金球真皮小香风菱格链条包单肩女包
三相档位调节器,三相固态调压器大功率可控硅电子调温器电炉窑炉调节器可调0-380v,棉麻记复古改良汉服开衫长裙2021夏季新款手缝花朵风衣防晒衫女仙
引潮水,女性喷潮液增强欲望调情用品男女啪啪性冷淡专用女人激情春水情片,时尚真皮女靴2021秋冬新款系带马丁靴头层牛皮短靴平底加绒棉靴女
牛角脚部疏通器,砭石原始点手指雀牛角按摩器神器足底疏通肩颈脚底三角不求人工具,适用解放j6p车速传感器插头里程表副水箱传感器jh6天v悍v龙v配件
治疗胆囊炎的药,正瑞茴三硫片25mg*24片/盒辅助治疗鼻干燥胆囊炎恶心慢性肝炎发热疼痛胆结石消化不适寒战急慢性肝炎,0.5元百分百实物儿童拍拍弹力球大号抽奖学生校门口吊板地摊玩具
验光师,正版包邮现货【全5册】眼镜验光员 基础知识+初级+中级+高级+技师 高级技师眼镜验光员培训教材 国家职业资格鉴定考试培训教材书籍,bpc-14 中国恐龙大本册 2017-11 恐龙邮票 本票册 送小孩礼物
98寸液晶电视机,雷鸟98s545cpro 98英寸高色域巨幕智屏120hz超高清4k电视4+64gb,漫画二次元东京复仇者cos耳环动漫重生之道宫羽一虎铃铛耳环
歌婷妮,坐月子帽子产后秋冬防风产妇头巾保暖2022时尚毛绒孕妇发带1月2份,手提包 单肩包 时尚简约百搭大容量尼龙防水购物袋 休闲包
爱奇艺,不锈钢桌号牌酒店号码牌数字牌 台号牌餐桌牌排号牌 餐牌餐厅加高,小孩儿童呼啦圈6岁幼儿园5初学者7小号可拆卸8小学生女专用呼拉圈
hey on wye,heyonwye儿童羽绒服2021新款洋气印花加厚面包服中大童冬季童装,适配大众高7/甲壳虫/老迈腾/cc/宝来经典/前转向灯泡/方向灯 h21w
德力西暖灯,德力西浴霸灯泡 取暖灯泡 防爆型275w 四灯浴霸取暖灯泡,ins软毛绒玉桂狗短款女儿童袖套羽绒服保护耐脏学生防脏可爱袖套
吊厨柜,壁挂柜厨房吊柜墙壁柜现代简约家用储物柜墙柜挂墙置物柜阳台橱柜,stanley/史丹利 直齿大力钳 7寸84-370-23/ 10寸84-371-23
冀教一年级英语视频,河北冀教版一年级起点英语一二三四五六年级上下册动画音频,kvk白玉串珠拼接红宝石项链2021新款小众设计感轻奢小众女锁骨链
钛烧水壶,springhill户外手冲咖啡壶家用挂耳咖啡手冲壶不锈钢长嘴壶细口壶,通用申鹭达马桶盖 ld77210 ld77232 ld77209 老式坐便器能箭盖板
可以躺滑水板,成人游泳圈 气垫浮板 沙滩充气垫 水上充气床浮排浮床躺椅,teenieweenie小熊西装外套宽松韩版显瘦小个子潮女装2021秋冬新款
丰田威兰达带夜光门槛,?适用马自达cx-5 cx-4 cx-7汽车夜光门槛条防踩踏碳纤纹皮革胶贴,史丹利 双金属钢锯条 20-176-23 20-175-23 20-177-23
30×72×10油封,skf内骨架进口油封cr 30x72x10 hmsa 5 10 rg v丁晴氟胶密封件,半身裙女2022年早春新款优雅包臀裙a型前开叉显瘦设计感小众裙子
嗽叭电池,大功率手持喊话器电池插卡喇叭专用可充电锂电池白插头扩音机电源,东大门羊羔毛外套女2022秋冬新字母颗粒加绒加厚保暖炸街棉服大衣
yesoul,小米有品野小兽跑步机家用款小型电动静音室内健身器材智能走步机,东贝冰淇淋机配件支撑套东贝甜筒机轴套出料阀顶头东贝白色小帽
暖宫垫,宫子品牌国人康养宫暖贴便捷发热贴私护调月经宫寒痛经凝胶宫暖垫,《小妇人》同款法式少女海军领水手服棉麻百褶裙半身裙长裙子套装
砍骨头机器,铡刀家用切骨头机神器商用剁鸡猪蹄厨房闸砸刀羊排小型切片切割机,野生进口海参黄玉参海渗淡干海鲜产品干货250克装冰岛深海年货
凉鞋 女,高跟鞋设计感小众凉拖2022年春夏新款粗跟罗马鞋外穿拖鞋女鞋夏款,cabrakalani礼盒装男内裤本命年大红色喜庆四角裤头vck莫代尔抗菌
贺曼官方旗舰店童装,hallmark贺曼童装春秋男童儿童小童洋气麋鹿双层棉布长袖上衣卫衣,适用于本田金翼gl1800摩托车改装音响壳 行李后音箱盒工具箱06-12
在田肾石通,1盒包邮/多盒低至6.5/盒】在田 肾石通颗粒 15g*10袋/盒 清热利湿 活血止痛 化石排石 肾结石 肾孟结石 膀胱结石 输尿管结石 正品,zara 新款女装甜美提花圆领针织衫宽松毛衣女01822113620 1822113
九阡司手锯,台湾九阡司锋利手工锯进口园林工具家用园艺折叠伐木果树万用锯子,2022年夏季短袖纯棉t恤女ins潮网红打底内搭短袖韩版宽松港风上衣
seratodjpro,dj打碟软件莱恩serato dj新版本mac+windows莱恩官方正版，官方版,男鞋冬季英伦休闲皮鞋男士黑色工作鞋防水板鞋一脚蹬懒人百搭潮鞋
电表分线盒,公牛分线盒二进八出接线端子排电线接线器家用明装220v单相零火并,颈椎贴压迫神经颈椎病专用贴膏头晕麻木头疼胳膊疼疏通肩颈椎膏贴
仓鼠纸棉纸屑,木屑宠物用品花木刨花削多功能碎花仓鼠锯末功能,烧烤串腌制牛蛙串10串新鲜烤串半成品食材特色馋嘴香辣美蛙小串
n65,【卖真品】李宁lining no 65 线耐打高弹专业羽毛球拍线羽线,特大码女装200斤针织毛衣女秋冬胖mm妹妹遮肚上衣宽松羊毛打底衫
纪念钞包装袋,200张纸币保护袋纪念钞收纳盒 钱币钞票收藏袋纸币人民币册保护夹,学乐指导性科学读本a级16册套装 英文原版绘本 guided science readers level a 科学绘本分级阅读儿
g502无线版,罗技g903 gpw g502 g703 g604背光有线/无线游戏鼠标绝地求生hero,合金福特野马谢尔比gt500汽车模型仿真跑车儿童玩具车摆件收藏
乐彤足浴盆,家用红外线足浴盆泡脚手动式加热恒温按摩洗脚盆 养生足浴器,正品特百惠保鲜圆碗3件套 冷藏密封储藏冰鲜蔬菜水果保鲜盒
cba联赛官方球星卡,2019-2020 cba球星卡 广东东莞 全套9张 易建联布鲁克斯杜润旺,苹果12防窥膜iphone12pro钢化膜12promax防窥11防偷窥pro手机xs贴膜max全屏x十二mini十一ip覆盖p
美发店面进门设计,一对一高端店面设计,耀华本安型化工业专用不锈钢防爆电子叉车秤1t-3吨手动液压地牛秤
child’s play,点读版child's play韵文儿歌洞洞书蓝盒9册第二辑英文原版绘本,卡其色牛仔裤女2022年新款显瘦百搭宽松直筒小脚萝卜哈伦老爹裤子
吕官方,ryo绿吕洗发水控油去屑止痒清爽无硅油洗头膏防脱正品韩国洗发液,回力女鞋2022春秋新款aj黑白熊猫单鞋空军一号ins潮休闲运动板鞋
厨宝宝热水器,小厨宝家用储水式小厨帮即热式小型10升厨宝宝电热水器厨房热水宝,两面穿垂感百褶网纱裙2022春季新款百搭显瘦女士百褶半身裙中长款
nds屏幕,初代游戏机nds主机原装维修配件nds液晶显示屏 上显示屏 下显示屏,适用轻骑铃木摩托车骏驰qs125-5-5c头罩大灯罩gt125导流罩大灯 壳
打扫狗头发,宠物吸毛器家用除毛神器猫咪毛发清理床上动物去毛电动狗毛吸尘器,1.80战神复古传奇手游+9特色版联网安卓苹果端无限元宝单机小游戏
英语大智慧必修二,【含检测卷答案】新版北师大版高中大智慧英语必修第二册配北师版英语教材使用高中新课标同步讲练测大智慧英语必修2郑州大学出版,酷形华为mate30手机壳mate30pro防摔男mate20硅胶保护套20x外壳个性潮牌mete20pro气囊带指环扣磁吸支架
低粘度e51,e51环氧树脂 低黏度e135环氧树脂/ 618/128/828环氧树脂 地坪树脂,探拓d2148371cf男女款d2148372cf秋冬外套两件套羽绒内胆冲锋衣服
丰田新威驰曲轴皮带轮曲向轮,丰田致享威驰致炫发动机曲轴皮带轮总成原厂皮带盘大轮原装配件,婉甸wandian 21冬21冬款商场撤柜剪标尾货货源品牌折扣女装批
电梯壁防撞保护,橡胶防撞条橡胶防撞护角仓库物流卸货平台货车码头墙面保护防撞块,枭龙鸽粮高端幼鸽喷窝育雏小豌豆鸟食小鸽子饲料江浙沪皖40斤包邮
智能快筒,快子筷子盒消毒型智能消毒筷子筒防发霉筷子笼筷子篓免打孔防尘,焊接胶水【菜鸟一件代发】
心理咨询师证,森大教育心理咨询基础培训取证无忧班,蜂窝板太空铝浴室柜组合岩板台面卫生间大理石挂墙洗手盆陶瓷漱池
杀菌过滤水壶野外,净水药片井水饮用水消毒片户外野外水质净化消毒粉食品级净水片,潮牌卡通猫和老鼠适用mate30华为p40pro手机壳mate40带支架nova7pro浮雕p30/pro皮纹硅胶软壳可爱情侣男
鸽用维生素a,汉诺威【氨维鱼肝油】500毫升/鸽药拌料补钙鱼肝油亮羽壮骨卵磷脂,汉服女童秋冬新款儿童红色民族风冬季唐装古风超仙小女孩高端襦裙
小孩耳套,迪士尼儿童耳罩冬季保暖男童蜘蛛侠耳暖男宝宝护耳套可爱耳包耳捂,汽车贴纸磁性车贴广告定制车身图案磁吸反光个性文字logo字体设计
手机蓝牙遥控器,手机蓝牙遥控器拍照控制器苹果通用多功能录像视频远程无线自拍杆拍摄懒人刷抖音神器短视频看小说电子书翻页,德卡t10f读卡器p3密码键盘社保医保卡定制四合一五合一ic卡读写器
prenatal dha,现货加拿大挪威nordic naturals孕妇哺乳期鱼油dha 维生素d 90粒,木林森女鞋春季2021年新款潮流复古百搭休闲鞋女学生运动老爹潮鞋
特步儿童旗舰店官方正品旗舰,特步男童羽绒服2021新款大圣归来中长款大童潮流外套679425194176,雪地意尔康真皮女靴粗跟高跟短靴英伦风侧拉链白色时尚百搭中筒靴
2`.5元棒球 挂件,星计划diy迷你棒球钥匙圈挂件 棒球球迷礼品体育用品配饰配件,特！香芋绝jue子！89%羊毛！7231独家21秋冬迪yd蝴蝶结鸭鸭贝雷帽
氧之源草本足浴包,氧之源十二味足浴包艾草艾叶老姜红花泡脚中药包女祛湿张嘉倪同款,水壶垫托盘杯垫热水瓶垫子开水瓶垫防漏底垫暖壶垫隔热垫
酷童拉米,新生婴儿儿衣服礼盒冬季套装纯棉初生满月宝宝女礼物出生男孩高端,z轴简易调整进给丝杆滑台hht31-40/80-25带位置显示器型zkst40 80
气车纸垫,定做汽车一次性脚垫纸防水牛皮纸垫脚纸洗车脚踏纸4s店防尘脚踩纸,nana手工法式美甲鸳鸯指甲贴片成品长款穿戴可拆卸2021新款ins风
虾虎鱼食,虾虎鱼粮虾虎饲料观赏鱼饲料荤粮原生鱼粮鼠鱼粮红虫丰年虾虾蟹粮,春装童装女童背带裤女宝宝新款儿童百搭连体裤婴幼儿牛仔长裤韩版
8.1米线组,小凤仙钓鱼线组套装全套日本进口竞技鱼线主线成品尼龙线强劲拉力,预售 寿屋 女神装置13.1 弹丸骑士 机娘 处刑者 ​​新娘 行刑者
旗舰店黑檀木整套茶具套装全自动烧水壶,茶具套装家用黑檀实木茶盘功夫茶台整套玻璃泡茶壶全自动一体客厅,纯手工制作拉链手提袋牛轧糖包装袋雪花酥饼曲奇袋烘焙零食八边封
lq610kⅱ打印机前挡纸板,适用 打印机配件爱普生lq610kii前托纸架80k 630k进纸挡板导纸板,内六角扳手六角套装螺丝刀单个万能工具内六方六棱米字梅花内6角
农夫山泉旗舰店官网正品,【达人力荐】农夫山泉泡茶水山泉水饮用水桶装水4l*4瓶,版式设计商业实战课二经验与实战技巧入门到精通提升设计能力
墙漆色浆,。外墙内墙水性色浆高浓度超浓缩乳胶漆墙固地固地坪补墙漆涂料调,小足球童装工厂店同款加厚加绒礼服裙两件套年服周岁礼服生日裙子
武夷岩茶书,彩图 陆羽茶经茶道书正版图解 从喝茶到懂茶 茶书籍大全茶艺书茶道入门泡茶品茶中国茶文化茶叶书籍大全关于茶叶的知识原著无删减,婚房地飘套装气球装饰落地婚礼新房结婚布置用品支架路引立柱桌飘
大人可以骑的马,大马活马成人骑乘大型旅游用马游客骑乘景区大马活体汗血宝马真马,funnj方几 小香风套装女2021年秋冬装新款粗花呢外套半身裙两件套
打版扫描仪,高精度服装cad数字化仪读图仪制版扫描仪读图板海普hp91200l热卖,灰色卫衣港风chic春秋女宽松百搭设计感小众长袖拉链开衫短款外套
花园浇水用伸缩水管,卡赫自动收管卷管器回收水管别墅园艺壁挂收纳架浇花洗车水枪套装,出租婚纱齐地长袖款长沙美程服装租赁
海狮面包车，高压线,海狮分火线 海狮电子分火线 海狮高压线 1rz/2rz分火线 包邮,春秋冬可爱日系复古拼色中筒袜子女ins潮韩版撞色简约百搭堆堆袜
艾科乐易捷,逸巧通用血糖测试条ogs-111血糖试纸试片50片ogm-111血糖仪可孚,娃哈哈苏打水饮品(无汽)350ml*12瓶微甜蓝色无味无气绿色薄荷柠檬
厨房插座贴,86型开关保护套家用灯贴墙贴插座贴纸装饰边框套夜光创意防脏遮丑,妈妈生日快乐红包感恩母亲节红包您辛苦了节日生日祝福通用利是封
碘甘油,朗力丁香油 fc甲醛甲酚 鑫义和碘酚抑菌液 溶液消毒口腔牙科材料,格力空调室外风机电机 fw48e ydk48-6e 通用fw48b fw48c fw48g
饵料小盒,矶钓饵盒 南极虾沙蚕 钓鱼活饵虫盒 海钓便携腰挂式 垂钓汐流走钓,仿真小雏菊花藤向日葵塑料花假花客厅空调管道缠绕室内装饰花藤条
侧挂气瓶绑带,潜水装备侧挂减压瓶气瓶圈气瓶带瓶箍绑带 rubber hose retainer,秋冬季韩版设计感木耳边长袖棉服外套女+拼凑毛呢半身裙两件套装
万通板,塑胶pp中空板 防静电纸皮 瓦楞板万x通板空心板 塑料平板隔板隔层,进门脚垫厨房地垫门口走廊过道美容院书房卧室客厅防滑吸水地毯3d
吟飞电钢琴tg8811,吟飞电钢琴88键智能电子数码钢琴成人初学者幼儿园幼师教学家用,油瓶玻璃防漏酱油瓶醋瓶料酒调味瓶厨房控油装油壶大容量储油罐
奶茶覆膜,奶茶店专用封口膜定制订做logo纸塑两用奶茶封杯膜商用纸膜磨砂膜,花边袜子女中筒袜ins潮春夏季薄款纯棉网红日系长袜堆堆袜长筒袜
小幸软件工作室,河洛群侠传 修改器激活码,品牌折扣店商场专柜撤柜剪标女装尾货清仓短袖宽松刺绣t恤上衣夏
三角马绊,马鞍配件马鞍马具铜条马嚼子龙套配件白铜和黄铜条5根包邮,奇爽卤味虎皮凤爪香辣味解馋熟食即食真空凤爪鸡爪小零食小吃散装
震爆弹,指玩屋 震荡 磁吸推蛋成人指尖金属减解压玩具 玩吾乐志edc推啪牌,人本加绒高帮帆布鞋大码女鞋41韩版百搭冬季保暖板鞋42学生棉鞋43
橄榄核单籽观音,橄榄核雕苏工纯手工雕刻大籽最美观音菩萨单籽橄榄胡佛头吊坠男女,广西柳州青云街原味螺丝粉300g*5袋正宗水煮螺丝粉方便米线夜宵
红苕干,红薯干地瓜干零食小吃休闲食品红心农家番薯薯地瓜条连城特产自制,芃甲状腺冷敷凝胶医甲状腺结节消散结贴专用淋巴结节硬块疼痛膏药
丹拿伊索塔,深圳丹麦丹拿dynaudio汽车音响升级改装esotar系列三分频套喇叭,品牌专柜撤柜女装外贸原单尾货清仓剪标开衫毛衣外套秋冬宽松外穿
武夷星,武夷山岩茶 八三茶人大红袍150克盒装  足火浓香型 特级 原装正品,nature made天维美50岁中老年女性进口复合综合维生素90粒保税
凌美笔芯,德国正品lamy凌美m63宝珠笔芯黑通用0.7mm狩猎者恒星签字水笔替芯,欧洲站全真皮帅气小皮鞋女2022新款英伦风厚底单鞋网红百搭乐福鞋
杨亮全民背诵营,有师李老师20000单词英语新思维词汇速记与应用语法发音视频课程,春秋布鲁克林篮网13号哈登球衣训练服纯棉长袖t恤篮球运动上衣
mx500,英睿达ssd固态硬盘480g美光bx500sata3.0接口电脑台式机通用高速游戏文件加密办公笔记本固态硬盘官方颗粒,adidas阿迪达斯男女袜子秋冬加厚训练袜中筒篮球潮流运动袜dz9359
实心控门骰子,魔术高三四两门色子高34魔术两门色子一体注塑纯实心里外一样,热压机支架热压机压支架机排线热压机手机贴合机烫印机压印机厂家
e156,eimio便携式显示器4k笔记本外接屏幕便捷触摸投屏ps5扩展屏ps4电脑双屏副屏switch分屏连手机旋转竖屏显示屏,【新版可除根】手脚脱皮药膏干燥粗糙蜕皮起水泡瘙痒手足抑菌膏
云米官方旗舰店官网,云米525l对开门大屏智能冰箱+10kg洗烘干自投放洗衣机冰洗套购,适配奔腾t77车门下护板防护板门下饰板车门饰条防刮蹭原厂配件
河北优尼科塑料制造,优尼科四层pc中空阳光板遮阳板遮雨棚温室大棚蜂窝板隔热板隔断墙,二手 au6471 机箱读卡器  3.5寸读卡器 多功能读卡器 tf sd cf
五海瘿瘤丸正品,黄栀花 五海瘿瘤丸 9g*10丸/盒  软坚消肿用于痰核瘿瘤瘰疠乳核a,苏系列 简约短款立领纯色牛仔外套流行色彩坐标女装折扣店
tcl原装电视机遥控器q8,原装tcl遥控器55c3 65c3 55q10 65q10 75q10 65q6/q7/q8/q9 q6,河南特产正宗逍遥镇老杨家胡辣汤麻辣味85克10
飞扬小屋家居店,可爱秋冬卡通毛绒露趾拖鞋春少女心室内防滑地板凉拖鞋居家鞋,鞋柜家用门口翻斗薄款入户门高柜进门一体靠墙入门玄关柜放钥匙
甘伯宗乳霜,甘伯佰宗乳霜正品恩芙肤美百草抑菌软膏肤乐抑菌乳膏肤草本乐芙,海盐维c陈皮糖含片500g百香果菠萝薄荷糖酒店招待无糖果散装mints
华为荣耀10青春版手机屏幕,适用华为荣耀10 带指纹青春版总成荣耀20i液晶内外显示一体屏,黑色橡胶垫片4分6分垫圈波纹管淋浴软管进水管密封圈硅胶防水胶圈
55镜头保护前盖,单反相机镜头后盖+机身前盖适用索尼sonya33 a35a55 a65a77 a290,烙铁头936通用恒温电烙铁配件焊台内热式刀型刀头洛铁马蹄头900m
自然莎发膜,自然沙发膜无硅油补水神器营养柔顺护理60g/袋,加厚魔法绒四件套简约冬季保暖水晶绒防静电床单被套牛奶绒三件套
桑椹提取物,优品 桑葚提取物 20：1 桑葚多糖粉 花青素25%  桑葚果浓缩粉粉末,盲盒酷际哈雷电动车上班代步电动滑板锂电车宽胎坐骑成人电瓶车摩
牛羊痢速停片,兽用牛羊泻立停片强效止痢牛羊拉稀肠炎黄白痢顽r固性腹泻孕畜可,金箔手绘油画轻奢玄关橙色装饰画现代简约抽象走廊过道竖版挂画
老烟盒纸收藏,【特价包邮/送册子】散装火花收藏全新库存火柴商标集580小张不同,毛衣男厚款冬季宽松新款2021爆款潮流秋冬字母长袖圆领打底针织衫
吉他拾音器免开孔,古典民谣木吉他gt-a2口轮双拾音器音孔压电扩音器高保真可打板,。多用途实木脚踏板垫脚凳台阶踏脚板厨房垫脚阳台晾衣增高凳可定
投屏游戏,小霸王体感游戏机电视家用儿童射击高清亲子互动跳舞毯瑜伽双人无线手柄打枪运动跑步羽毛球兵乓球网球健身,l246超气质双面羊绒女中长款过膝羊毛大衣宽松双排扣呢子外套
剑桥实用英语写作1234,正版 剑桥英语教师丛书assessing writing 写作评价 外语教学与研究出版社9787513504805,法国le creuset酷彩 炻瓷长方形烤盘18cm烘焙甜品蛋糕焗饭烤箱用
蜀海虾滑,蜀海鲜原味手打虾丸子活虾仁球食材涮火锅店专用虾滑,重工刺绣夹克男春季韩版修身时尚大码欧货潮牌立领棒球服外套休闲
dirity panda,dirty panda彩色滑板砂纸个性创意图案,可爱小清新纯棉床上四件套100全棉少女心ins床单被套公主风y套件
依波路男809n-4899,依波路ernest borel爆款直降乔斯系列简约钢带石英男,胖mm加绒裤子女大码加厚保暖运动裤女冬200斤羊羔绒宽松哈伦卫裤
欢喜茶,高档茶叶包装盒空礼盒红茶绿茶通用半斤一斤装礼盒包装茶叶罐定制,【捡漏专场】客供撤柜 清仓outlets奥特莱斯折扣女包菱格链条包包
江苏梅干菜,梅干菜2斤农家蒸制自晒散装绍兴特产梅菜干无沙免洗梅菜扣肉干货,适用j6解放配件jk6j器干燥5箍消声器接头管子消音器卡罐解放j6。
老吴打铁太极剑,纯铜太极剑龙泉老吴刀剑不锈钢强身健体晨练软剑男女武术剑未开刃,2021冬季长袖卫衣男潮流潮牌帅气外套精神小伙加绒加厚网红上衣服
蒸汽消音声器,商用蒸汽消声器11厘米烧豆浆酿酒蒸馒头专用蒸汽机锅炉静音器,画集｜画师hiyo 萌系可爱动物表情 furry兽人绘画临摹参考素材
响尾蛇led,美国进口streamlight sidewinder响尾蛇手红外ir头灯求生灯新款,广场舞摆地摊音响无线耳麦话筒万能无线耳麦 通用无线耳麦接收器
微型录像机,【拍32发64g】新科录音笔随身录音设备专业高清降噪超长待机大容量会议录音器录音机,老鹰货车贴纸 大卡车车头车身创意个性贴画 汽车车门反光装饰车贴
男童鞋子,贵人鸟男童鞋2021新款加绒冬季男孩潮酷小童秋冬款棉鞋儿童运动鞋,fog fear of god主线第七季水洗做旧高街抽绳飘带休闲裤工装裤男
我们人掉头发缺软磷脂,汇仁大豆磷脂软胶囊卵磷脂脱发男女性成人中老年旗舰保健品片防店,新年口罩2022虎年新款中国红3d立体一次性时尚版三层防护创意个性
宝宝小琴,费雪尤克里里儿童礼物宝宝婴儿初学者早教乐器音乐小提琴玩具吉他,不锈钢t型接缝压条装饰条t型背景墙装饰收边条压缝条金属装
子正口腔溃疡棒,longood液体伤口敷料口腔溃疡棒嘴巴烂舌头生口疮护理一点灵棉棒,2黄铜板圆板薄铜片j圆片垫片激光切割雕刻加工定制0.8 1.5 2 3mm
红酒架,不锈钢恒温常温酒柜定制吧台吊架酒窖别墅家用轻奢红白酒柜展示柜,斯莫尔横款手提包男包商务包简约办公包男士包公文包大容量会议包
麻将辅助插码有解码,安卓android街机麻将模拟器游戏rom资源合集网盘下载,代购澳洲进口纯色羊毛围巾女简约双面冬季百搭保暖流苏男士围脖潮
小牌九,特色胡老大南通长牌10副字牌便携加厚牌九纸麻将强哥花王长牌批,雄狮88签字笔1.0纤维粗头黑笔勾线笔草图笔速写笔签名笔手帐勾线 笔画画绘画绘图笔水性记号笔细头单头签单笔
鱼丸手工纯鱼丸,福州鳗鱼丸500g*3包福建特产美食手工包馅大鱼丸火锅食材小吃带纯,李毓佩数学童话系列全5册小学趣味数学童话知识思维训练小学生中高年级西游记王国历险记关于数学阅读课外书必读一二三四五六年级
fox骑行手套,鬼爪骑行骑士单车摩托车赛车手套防护全指耐磨透气春秋冬长款装备,蓝色高腰牛仔裤女春秋设计感小众开叉微喇裤2022年新款直筒阔腿裤
供佛七彩石,藏传佛教用品天然七宝石供曼扎盘装宝瓶佛塔混搭玛瑙七彩宝石1斤,情器内衣性暗示衣服制服诱惑性感肚兜情绪猫咪装情趣睡衣做我的猫
光电开关eexs,u槽型光电开关限位感应器ee-sx670/671r/672p/673/674a/75传感器,温精灵同款蝴蝶结水滴宝石项链ins风超闪气质毛衣链2021年新款潮
四百击产品,产品牛牛升值卡,裁剪彩色画粉裁衣划粉包邮盒装防摔缝纫划粉片裁缝画线粉隐形粉笔
欧普吸顶灯照明官方旗舰店官网,欧普照明led吸顶灯超薄卧室灯温馨浪漫花形房间灯创意儿童房灯饰,现货 美国fungi-nail 2倍加强指甲指甲真菌刷指甲空发黄无削甲3ml
马格南图片社,《读》（读库精装画册，辑录玛格南经典图片，呈现阅读之美）,英氏童泰官方旗舰店婴儿秋冬季套装男宝宝女棉服加厚新生儿冬装棉
07皮鞋,星工真皮劳保鞋工作鞋电工男轻便物业皮鞋绝缘鞋高压皮鞋6kv,skechers斯凯奇男鞋 时尚男子潮流商务风皮革休闲鞋66439
灼夜庭,灼月亭御膳房妆花汉服织金马面裙比甲提花缎布料面料原创设计正品,会员专享价屈臣氏cetaphil丝塔芙倍润保湿乳滋润温和身体乳118ml
凯乐石p棉,凯乐石棉服2021秋冬新品户外防风加厚保暖棉衣百搭时尚防寒服夹克,2021夏季新款欧洲站舞台亮片胖妹妹mm大码修身打底衫背心小吊带女
佐罗棉芯,【带针棉芯】煤油打火机正版棉芯线配件耗材香港佐罗zorro棉线,2021新款青春上衣春秋潮流宽松秋衣男士长袖t恤青少年早秋纯棉v领
好易达煮面炉配件出水头,炉排水阀放水h阀煮面桶出水汤面炉蒸包炉铜配件水龙头球阀开关,美嘟嘟定制女包磨砂质感撞色波士顿包2021冬季新款单肩斜挎手提包
苏泊尔电磁炉主板cb2019–z2–a12c,苏泊尔电磁炉配件cb2019-z2-a12c电源板/主板,儿童连体睡衣秋冬婴儿法兰绒冬季宝宝珊瑚绒家居服防踢加厚款睡袋
mooer f无线踏板,魔耳 gtrs gwf4无线踩钉踏板控制器 搭配s800智能电吉他使用,casio/卡西欧 女士手表 粉色表盘不锈钢表带 ltp-1177a-4a1jf
16㎜电影胶片,16mm电影拷贝电影胶片《永恒的爱情》巴基斯坦影片 彩色6本,moying睡衣女冬珊瑚绒加厚三层夹棉家居服法兰绒拉链本命年套装
汽车毂盖骐达,顺丰包邮经典轩逸阳光新骊威骐达15寸汽车轮毂盖轮罩轮胎装饰盖,2022寒假大串联三年级数学人教版 3年级数学 rj
脉管康复片,太阳 脉管复康片 0.6g*36片/盒,适用真我realmegtneo手机壳q2软男女小羊皮硅胶套q3pro保护个性卡通v15情侣x7秋冬菱格纹
红茶特级养胃红茶叶,红茶正山小种2021年新茶特级正宗浓香型武夷山茶叶500g散装礼盒装,莎蔓莉莎17周年礼包fan beauty钻石聚光修护面膜滋润亮泽嫩肤
老碰铃,专用纯铜碰铃乐器民族传统击打碰钟响铜材质撞钟声音清脆益智早教,文征明千字文悟阳子诗序滕王阁序李令君登君山二首历代名家碑帖经典 毛笔软笔练字帖附繁体旁注中国书店
厌氧电化学,厌氧瓶厌氧培养瓶500ml厌氧发酵瓶高温高压灭菌反应瓶丁基橡胶塞,陈小纭同款毛衣连衣裙女冬2021年新款加厚衣服宽松高领针织长裙子
来疯星币120,来疯直播来疯星币20元充值2万来疯星币官方自动充值 秒冲支持花呗,蔻驰coach1868女士印花logo彩色手拎手挽包手机包钥匙零钱包
gtrunner,华为手表watch gt runner智能蓝牙通话心率计步运动商务长续航gt3,大码鞋透气休闲商务正装皮鞋男士男鞋英伦大码耐磨防滑皮鞋小码鞋
电话受话器15mm,电话机配件 原配飞利浦无绳电话机子机听筒 子机受话器直径20毫米,米小福香菇卤肉快餐商用盖浇饭小碗菜速食菜肴加热即食常温料理包
碾碎棒,不锈钢压泥器压土豆泥神器家用辅食捣碎器压薯器厨房捣泥器小工具,洋气山茶花短袖t恤女夏季新款百搭圆领上衣香奶奶泡泡袖打底衫
智慧家hdmi网线传输面板,智慧家hdmi404高清3d机顶盒共享器影音交换机4进4出矩阵 智能家居,通用投影电动幕布遥控器行程设定无线升降开关电机马达正反限位器
起酥油仅供燃灯,西藏燃灯无烟供佛灯酥油拉萨扎基寺专用固态酥油800克装佛教用品,110透气帽防雨罩防水304不锈钢通风管堵冒通风口室外160mm排烟管
宝马煮饭,车载智能电饭煲适用宝马3系5系x1/x3/x5/x6汽车电饭锅自驾游车家,口味王槟榔散装伍子醉枸杞槟郎老湘潭铺子咖啡爆珠鲜果和成天下
餐边桌,睿帆实木玄关桌子靠墙玄关台简约条案条几北欧案台置物架窄边桌,罗兰女士内衣洗衣香皂100g*10块正品包邮
女生下火茶,金银花菊花决明子蒲公英茶清火泡水喝的东西去火清热解毒花茶女生,优泌可汉维宠仕猫狗泌尿感染优泌安优泌净膀胱修复胶囊尿液酸膏
佳能pgbk墨水7780,磁电英雄适用佳能pgi-870 pgbk黑色墨盒mg7780 6880 5780 ts9080 ts8080 ts6080 5080打印机填充墨盒871彩色,魏派车载烟灰缸vv6 vv7 vv5p8wey内饰装饰汽车用品改装车内烟灰缸
嘉媚乐官方旗舰店正品,嘉媚乐美白保湿精油复方面部精油脸部按摩精油美白淡斑精油护肤,韩国儿童唐装汉服裙女童新年装旗袍裙冬装宝宝加厚冬季拜年服加绒
域的名,纳网cn域名注册，com.cn 域名 站群域名 cn域名 cn注册 域名注册,适用摩托全车配件铃木锐爽en125-2a/f/e/3a钻豹125k3避震器把座灯
孕妇面霜爱无添加,植物主义牛油果滋润保湿面霜50g*1,黑色牛仔半身裙女秋冬设计感高腰a字荷叶边中长款包臀鱼尾裙ins潮
巴马阀,sns神驰气动 sr210-08 手动阀 手拉阀 气动元件 二位五通阀,卓玛泉 婴幼儿天然饮用水冰川水950ml*12瓶/箱母婴水
无针注射器,无针头胰岛素注射笔德国进口injex近无痛糖尿病注射针注器家用,猫人情侣睡衣女秋冬季珊瑚绒加绒保暖可爱卡通男法兰绒家居服套装
我想买小型果汁机哪里有卖,。榨汁机果汁榨汁充电杯学生电动迷你型杯子水果炸便携式小型家用,风逸宿厨房橱柜拉篮304不锈钢双层缓冲抽屉式厨柜调味架碗碟碗篮
蒙族舞蹈鞋,新款藏族演出舞蹈靴子少数民族蒙古靴子男女款舞台演出舞蹈靴舞鞋,magsafe磁吸无线充电宝10000毫安苹果iphone12专用快充promax新款13迷你超薄便携小巧移动电源大容量背夹电池
驱狗器,养殖场超声波驱黄鼠狼神器商铺电子驱狗防猫车库别墅驱赶小松鼠机,九脚网格托盘卡板放货叉车板仓库堆货物垫板塑料防潮板垫仓托板
吸入式捕蝇器,德国灭蚊灯神器家用卧室内驱蚊器去蚊子克星吸入式除捕蚊杀蚊虫苍蝇电击式捉防灭蝇吸抓插电子诱户外宿舍商铺,非油炸孕妇高钙脆虾儿童即食樱花虾干台湾小脆虾虾米烤虾海鲜零食
bdnf,美国海兰得儿童脑神经滋补片学生集中注意力专注力缺陷不集中多动,进口pdf派克 eu 25*35*11.2 festo气缸防尘密封圈 araa aran
家俬专线,金泽集运到港香港集运大件家俬家私大型家具专线运输物流大货快递,飘落的叶子漂浮的绿色树叶素材插图 png透明背景 无需抠图
单层移动架,包邮大号电脑主机托架托盘机箱底座带滑轮可带刹车托架单层主机托,yuyee_高腰牛仔半身裙女2021年夏新款潮ins韩版性感开叉显瘦过膝
手电筒 强光 头带,头灯带子头灯松紧带子加厚矿灯头灯套带头戴式头灯绳通用头灯配件,越南沙金仿真黄金项链女加长款纯金色项链镀金吊坠久不掉色锁骨链
ash官方旗舰店官网,ash女鞋新款moby glitter格利特增高小白鞋女休闲鞋,假发男短发韩版帅气网红自然蓬松逼真黑色学生短直发日常全头套式
球杆头套,台球杆杆头套皮头枪头桌球杆头帽小头套头公杆塑料9mm10mm替换头,宝宝夏装套装女2021新款0-1岁婴儿洋气2小童衣服3幼儿夏季两件套
圈椅家用,欧式全实木真皮休闲椅圆几组合美式一桌两椅小圆桌小茶桌,【现货】musemood 韩国代购 flower garden 春日花园 手机壳 半包
铃木gsx250外壳,适摩托车gsx250r-a导流罩护板盖边条侧体挡泥板全车塑料配件原厂,日立麦克赛尔mmx-n3331x/n3731x/n4031x/n4531x商务教学投影仪机
五菱宏光机油泵,五菱之光v 宏光/v 荣光v 1.2  机油泵总成lmh/ n12a机油泵 原车,复古开叉牛仔裙女中长款高腰a字包臀长裙2022春秋新款黑色半身裙
瑞士军刀,瑞士军士刀双肩包男大容量商务旅行电脑背包男士高中初中学生书包,康复医学治疗技术卫生资格职称考试代报名代报考2022全国各省可报
豆粕100斤,饲料级磷酸氢钙兽用添加剂水产猪牛羊鸡鸭鹅补钙补磷龙蟒正品包邮,潮牌女童中长款羽绒服2021冬季新款儿童中大童装宝宝加厚洋气外套
衣服印刷胶,水性油墨环保弹性白胶浆印t恤服装丝网手工印刷布料印花颜料色浆,晨林单据二联三联无碳复写多栏式54k 财会办公用品报销收据本包邮
雨花石,白石子盆栽多肉铺面鹅卵石庭院装饰酒店花园铺路造景白色大小石头,名爵5 6脚垫mg汽车hs改装专用zs全包围防水领航17 18 19 20 21款
8秒发膜,masil玛丝兰8s八秒水液体免蒸沙龙护发膜改善干枯毛躁护发素200ml,婴儿防踢被睡袋新生a类蓓茵儿库存微瑕剪绒薄棉睡袋特价包邮
焰井报警器,燃气报警器家用消防认证天然气煤气厨房可燃气体泄漏露检探测仪器,专柜正品条纹时尚春夏款i1002802卓雅连衣裙4680元
餐厅呼叫器,排队猫pdmcat无线取餐叫号器餐厅排队叫号机麻辣烫店奶茶甜品店等位叫号器餐饮连锁店报号机肯德基叫号取餐器,1/6 白模 丹尼尔克雷格头雕 007 james bond 詹姆斯邦德  特工
裤子裁剪图纸样,新款秋冬季女裤哈伦裤松紧高腰弹力小脚运动休闲裤纸样裁剪图样纸,中家医口腔韩国奥齿泰进口种植牙套餐登腾种植体牙冠缺失牙齿缺牙
雌激素天然,芬吗通雌二醇片/雌二醇地屈孕酮片复合包装1mg:10mg*28片自然术后绝经围绝经期综合征芬马通芬玛通分吗通芬码通地区孕酮片通片铜片,护眼灯学生书桌可爱台灯卧室小夜灯少女宿舍充电led睡眠灯床头灯
金属坐凳,玻璃钢座椅商场休息区等候坐凳创意美陈切面组合仿木纹休闲椅定制,2019款上汽大众凌渡2018年零度坐套卡通汽车坐垫四季皮革全包座套
垂直握把,迷你金属阻手m-lok系统吃鸡同款半截式铝合金cnc配件玩具,正品创信劳保防水耐油透气耐磨pvc胶皮劳动工人干活防护手套男女
garmmarly,grammarly英语写作学习卡高级学术版premium  语法检测查重润色c,防潮流蓝光度数平光男近视睛镜配无眼镜镜框女平面抗辐射电脑护眼
反穿衣,ins宝宝反穿罩衣儿童吃饭防水脏围嘴丹麦liewood超软全身婴儿围兜,长款羽绒服女2021年冬季新款连帽韩版爆款休闲高端保暖防风外套潮
酷路泽门把手放刮垫,08-21款兰德酷路泽拉手门碗陆巡陆地巡洋舰专用门外把手改装套件,北欧轻奢岩板大小茶几组合现代简约家用客厅小户型双抽简易网红桌
衣物捆绑带,拉拉卷加长衣服收纳神器叠衣服懒人绑带折衣板捆衣带家用整理衣板,劳力士新款游艇名仕系列126622灰游艇 运动休闲男表 全国陪验
木薯牛,自助备份/转存云5g流量wdupload xubster ubiqfile.com mexashare,半高领针织打底衫女2022春季新款内搭设计感网纱蕾丝拼接纯欲上衣
红白拖,台湾原装采购传统百雄牌蓝白拖鞋红白家居休闲防滑耐穿正常尺码拍,一件小礼品代发申通韵达中通快递圆通实惠小东西包邮
冠军油漆,冠丶军漆速干丙烯酸道路标线漆停车场车位漆马路划线漆高速标识漆,红色毛衣女冬厚oversize慵懒风开衫长款外套法式针织衫2022新款
pxn-2119ii,莱仕达2119微软模拟飞行摇杆2020民航飞机操纵杆游戏xplane11模拟,雅格斯曼2021冬款加绒牛仔直筒裤高腰宽松显瘦棋盘格烟管裤21739
科尔鸭孵化蛋,柯尔鸭三枚受精蛋种蛋网红宠物鸭小白鸭caiiduck科尔鸭蛋可孵化卵,1模10t 20t 29t硬铝合金齿轮圆柱直齿轮标准件米客商城 1mb型凸台
孕期拍照衣服,孕妇新款写真摄影主题服装孕妈咪孕味艺术照针织连体衣影楼孕妇装,美甲美睫海报宣传图眉眼唇图片挂画纹绣广告海报墙贴宣传画墙壁画
弩箭 高精度钢珠,终结者t600复合弓箭射击运动 马修斯博泰克弓非胜算3.0弓箭打钢珠,阔色新年麻花毛衣女2021新款秋冬季宽松内搭套头白针织外套厚
测电器,cellmeter7电压电量显示器带平衡功能 锂电镍镉电池检测器,新款帝豪gs gl博瑞嘉际混动 缤瑞 缤越 豪越里程表跑走表器调表器
kocotree雨衣,kk树儿童雨衣男童女童宝宝简约小学生幼儿园大童小孩男孩雨披2022,胖男童工装裤加肥加大儿童裤子7潮帅气时髦中大童9男孩加绒休闲裤
节气门清洗服务,天猫汽车养护服务 进气系统歧管真空管清洗服务 拆卸清洗包工包料,sfj毛呢衣女中长呢款2021秋冬季韩版大小个子加厚红色收腰气质子
完美点券,完美一卡通100元点卡充值完美世界经典版100元15000分钟 慢冲,金含diy饰品配件手工材料钛钢不锈钢螺丝扣花生扣手链项链扣子
男士冬盔,电动车头盔男女士款四季通用安全帽电瓶车冬天半盔冬季保暖全盔灰,半高领针织打底衫女2022春季新款内搭设计感网纱蕾丝拼接纯欲上衣
女式高跟舞蹈鞋贝底特,女士真皮银色贝蒂摩登舞鞋正品125国标舞交谊舞鞋进口软羊皮广场,休闲洽谈桌椅组合简约现代商务接待桌椅办公室北欧会客圆桌谈判桌
索定光电吊舱,机载双光吊舱无人船光电系统转台车载红外光电跟踪系统红外热像仪,2022虎年新年福字门贴剪纸窗花玻璃贴彩色卡通静电贴春节过年装饰
代唱 潮尘,代唱（女生）,正版四大名著漫画版全套4册西游记连环画儿童版绘本红楼梦三国演义水浒传绘本书中国古典名著故事书小二三四年级课外阅读必读
上海禾念,【预售】vsinger庆生曲专辑礼盒 special wishes 2021,semir马丁靴男士2021冬季新款厚底显高黑色时尚高帮鞋时装靴男靴
船舶驾驶椅子,船用驾驶椅 驾驶台座椅 航行椅 开船驾驶舱椅子 工程椅塔吊挖掘机,保税仓日本deonatulle/杜得乐足部止汗膏30g清爽除脚臭消臭石脚汗
五菱宏光mini慢充改快充,高斯宝7/15/20/22/30kw直流快速充电桩/机器便携式新能源电动汽车,skechers斯凯奇女鞋冬季加绒保暖半拖老爹鞋厚底增高熊猫鞋149783
徐桥牌梗糯米,徐桥牌 粳糯米25kg/袋 米粒圆润饱满香糯口包粽子煲仔饭八宝粥,宝宝周岁过年衣服冬装女新生儿连体衣加绒男红色拜年服婴儿新年装
广西松苗,广西松树苗湿地松油松美国松马尾松树苗南北方种植带泥发货包邮,厨房橱柜门式可挂式小号垃圾桶家用无盖塑料收纳盒壁挂篓桌面悬挂
御men,御泥坊男士黑茶保湿露 乳液控油补水脸部收缩毛孔水乳擦脸护肤品,【不消结节我白送】甲状腺结节贴甲亢减桥本性脖子肿大淋巴消除贴
美瞳50度,妃爱丽select fairy日本进口新视野隐形眼镜美瞳混血自然月抛1片,pull&amp;bear男士新款时尚气质基本款高领针织衫毛衣08556506422
破冰镐不锈钢,镐头小洋镐十字镐锄头户外挖树根神器挖笋工具专两用镐锄农用镐斧,2021新款围巾女冬季丝巾春秋薄款百搭洋气真丝桑蚕丝中年妈妈披肩
曲臂伸缩臂高空作业车,上海租赁升降机高空车升高车升降车租赁剪叉式曲臂式 6-48米不等,电动修眉刀家用剃眉仪防刮伤工具眉剪迷你便携好用舒适女士眉笔
18k耳饰,t002  18k金打结耳圈  au750法式耳环 简约气质耳圈欧美网红时尚e,红楼梦原著正版小学生五年级课外书名著天地出版社曹雪芹原版白话文青少年版初中生经典文学六七八年级阅读6儿童读物下册非必读
婴儿床围栏软包,丹麦北欧风格纯美洋气好看长款短款床围婴幼儿纯棉有机棉柔软床围,2021新款阿玛妮黑武士名牌手表男士全自动机械表理查德方形潮男表
交电费,国网电费代缴浙江江苏河北山西辽宁吉林安徽江西山东山西福建河南,科麦斯手钻家用充电式多功能电动扳手螺丝刀冲击钻手电钻工具套装
欧蓝德,广汽三菱欧蓝德5座7座帕杰罗劲炫asx奕歌新欧蓝德专用全包围脚垫,d'zzit地素 过季 连帽毛领多口袋中长款羽绒服3f4k405标牌价2990
阳具椅子,充气性爱电动椅沙发刑具黑色坐炮强制束缚sm调教女奴情趣合欢椅,夏季潮流休闲连体裤男女情侣裤九分束脚裤青少年修身韩版背带裤潮
八千巢础中蜂,蜂蜡诱蜂蜡中蜂蜡诱蜂用养蜂土蜂蜡天然纯蜂蜡诱蜂神器口红制作,冬季大童半高领毛衣高中生12-15岁男童加绒加厚打底针织衫16男装
隐藏纱窗,隐形纱窗伸缩推拉式卷筒式卷帘左右拉防蚊虫卷轴式磁性纱门网自装,适用华为p50pro手机壳红色棋盘格虎年过年p40pro+十新年款p40por发财直角边镜头全包软壳超薄防摔保护套新款
婚礼迎宾牌铁架子,迎宾展示架铁艺相框油画架北欧婚礼婚纱水牌托架落地海报广告支架,官网正品雅莎尔优白素精华液 可查防伪祛斑祛痘 痘印改善色素沉着
翻盖储存厨,30面宽夹缝收纳柜翻盖式透明塑料加厚杂物厨房卫生间储物箱床头柜,ry骑备部品 日本shoei ex-zero摩托车复古哈雷咖啡骑士全盔
品学优母婴专营店,游泳池家用可折叠儿童充气垫加厚宝宝浴缸小孩洗澡水池婴儿游泳桶,三星note10原装透明后盖note10+改装后盖个性后屏透明盖玻璃包邮
汽修厂地板,实心维修车间地板格修理车间车展地板新能源4s店汽车绝缘塑料地板,马甲背心针织衫女外搭宽松潮流时尚千鸟格撞色内搭无袖叠穿上衣女
吊篮摇椅配件,吊篮铁架秋千底盘底座婴儿摇篮吊杆拳击吊篮支架鸟巢吊床藤椅架子,g-star raw国内代购 膝盖拉链烟灰5620牛仔裤男 d17708.a634.b841
tfal,t-fal法国制造tefal特福红点不粘锅可拆手柄2件套28cm平底深炒锅,秋冬款可爱毛绒小熊发圈儿童2021年新款丸子头发绳发饰女大肠头绳
孕妇外套2021新款冬,大码孕妇冬装羽绒棉服韩版中长款过膝加厚保暖棉衣孕晚期遮肚棉袄,adidas/阿迪达斯正品三叶草休闲 男女低帮轻便经典运动鞋 s23764
boston,mlb老爹鞋经典波士顿男女运动鞋时尚复古增高慢跑鞋 32shc2111,秋冬羊绒毛呢大衣男中长款韩版男士风衣连帽加厚貂绒呢子外套男潮
模拟交换机,2路4路8路16口同轴高清视频光端机转换器tvi cvi ahd转光纤收发器,欧洲直邮moschino 男士 卡包
洗窗帘,成都沙发清洗上门布艺窗帘清洁干洗地毯家用床垫消毒杀菌除螨服务,脖子饰品欧美风个性感豹纹项圈项链女锁骨链choker颈链宽边颈带
惠佳乐切片机,新款羊肉切片机家用小型手动切肉机多功能切羊肉卷机肥牛刨肉机,五粮液52度 红密鉴 银密鉴 金密鉴500ml 浓香型白酒 送礼收藏摆柜
做相册,同学会聚会纪念册定制同学录幼儿园毕业相册制作洗照片做成照片书,德邦百世极兔秦丝生意通圆通中通邮政申通速尔优速快递巴枪采集器
cargo bike,抖音泽西岛同款倒三轮自行车欧洲畅销电动cargobike亲子宠物车,加绒加厚雪尼尔孕妇阔腿裤秋冬装外穿时尚款休闲裤子垂感冬季保暖
卡膜槽,大棚卡槽卡簧蔬菜温室大棚配件养殖防风固定压膜固定器4米一条,正品纯天然翡翠a货乌鸡种小老鼠小挂件小摆件
鞋盒新款2021爆款,家用塑料鞋盒收纳盒透明鞋盒子鞋柜收纳鞋子架收纳神器省空间,小蛮腰日本减肥丸排油瘦身包肚脐贴女正品美人鱼减肥哺乳期艾艾贴
北斗星专用防盗器,厂家直销实价不虚标北斗星防盗器折叠遥控带4锁可加蓝牙app控车,宝马3系f35 7系e66 730li760li740li750li内扣手拉线车门锁机拉线
仟源腰椎间盘冷敷贴,仟正品颈椎骨刺质增生专用足后跟膝盖腰间盘突出五夫人源武冷敷贴,日田复方百部止咳颗粒10袋10g清肺止咳肺热咳嗽痰黄粘稠百日咳
半指手套 粉灰,sumoss专业健身手套女防起茧半指撸铁运动防滑引体向上器械训练,新生儿摄影服装白色羽毛裙套装影楼道具女宝宝月子照婴儿拍照衣服
金杯11比39差数器,金杯海狮盆角齿风景九龙面包商务车低噪音新品1141差速器支持安装,钻石天然描图纸制版转印a0a1a2a3印刷纸工程卷筒制图包装93g硫酸纸2寸管芯50米
萝莉控遥控器,迷你萝莉遥控器 迷你2.4g八通道航模遥控器,陶瓷布老虎兔爷招财伴手礼新年本命年礼物摆件礼品2022虎年纪念品
好媳妇拖桶配件,原装好媳妇旋转拖把脱水篮子不锈钢沥水网好神拖墩布桶通用配件,高端职业套装女时尚名媛气质长袖西装韩版主持人正装小香风工作服
金鸡锁,金鸡牌金华门锁 高速收费亭门锁/收费亭门锁/消防门锁/岗亭门锁,三星手机配件s10原装摄像头s10+后置照相头w20镜片f7000相机f9000
欧普壁灯,欧普照明led墙壁灯客厅过道卧室床头灯具楼梯户室外美式简约bd,托宝兄弟变形汽车x机器人手动合体泰坦w汽车机器人金刚男儿童玩具
厕所脚胶边,zz亚克力胶边缝贴墙角线接缝胶条洗脸台防水密封条淋浴房浴室装饰,昆明鲜花直发：红豆粉豆白豆绿豆鲜花配花客厅办公插花~招代理！
贴车衣气罐,汽车贴膜隐形车衣透明膜专用喷罐喷雾桶压力喷壶不锈钢高压喷壶,适用于2021款丰田凯美瑞氛围灯车门感应投影灯迎宾灯照地灯汽车内
酒精灯网罩,酒精灯防风罩 金属酒精灯 防风罩 酒精灯用 酒精灯罩化学教学仪器,劳士顿正品满天星手表男全自动机械表防水18k纯黄金色情侣表女表
康薇妮私艾灸,私密艾灸仪器阴道灸扩宫灸套盒妇科专用灸具艾柱私处悬灸阴道熏灸,真无线蓝牙耳机挂耳式左右耳无痛佩戴运动防水跑步听歌高清通话开车专用超长续航男女款通用适用华为苹果小米
香飘飘奶茶官方旗舰,【王一博推荐】香飘飘奶茶美味陪伴15杯礼盒装 年货送礼精选226,多肉植物佛手托金千佛手花金佛手宝绿花舌叶花室内盆栽佛手掌
酒精喷灯,实验室器材全铜酒精灯 座式酒精喷灯 铜质酒精喷灯教学仪器,tatapintao 她他品淘2022春中跟复古小皮鞋皮带扣时尚气质法式
头盔内衬垫,真皮qgf头盔内衬网格透气内衬配件下巴带钢盔羊皮内饰悬挂系统,森森潜水泵鱼缸水泵静音变频水泵鱼池水泵水族循环过滤泵抽水泵
厕所纸巾,优感家用卫生纸整箱批刀切纸平板纸手纸草纸厕纸实惠装老式10大包,莫奈油画裙赫本风法式复古气质长袖连衣裙子女2021新款秋冬季长裙
饮水机防尘防水罩,黑牛津布桶装水保护套家用饮用水桶罩水吧18.9升遮光保护水质布套,现货 大码女装复古连衣裙港风2021夏新款胖mm印花中长显瘦雪纺裙
fairtex降体服,官方授权fairtex菲泰降体减重服出汗服降体重服发汗衣爆汗服拳击,mitata蒸汽眼罩热敷缓解疲劳睡眠遮光薰衣草香型无香型-10片装
美赞臣亲舒一段,领券满减】美赞臣安婴儿a+亲舒 婴儿奶粉1段850克 0-12个月宝宝,汽车用品大白车载摆件摇头车上公仔卡通车内饰品个性创意可爱时尚
蔓越莓饼干烘焙材料,蔓越莓饼干原料套餐 蔓越莓曲奇烘焙套装diy黄油低筋粉新手套餐,皇尚 段染渐变色羊毛线手编彩虹羊毛线diy钩织披肩毛衣线细线包邮
tech,泰克补胎胶片8/9/10/11/12/18#号汽车轮胎补片冷补胶片内胎补片,正版书籍荷塘月色彩图注音版朱自清散文集精选小学生课外阅读图书带拼音儿童读本作品选绘本韵色全集2二年级3三四5五六年级
钓鱼专业浮力背心,救生衣迷彩浮力背心划船矶漂流钓路亚多口袋可拆卸浮材垂钓服渔具,适用于十一代思域自动升窗器本田思域11代改装一键升降器21-22款
口语无忧激活码,新版英语听说口语无忧最新高考英语听说全面突破激活卡评分软件,三轮摩托车换挡线挂档线变档线排挡线三轮车倒档线变速线加力线
欧意燃气灶配件,油烟机配件 通用欧意抽油烟机 过滤网油网接油网吸油纸油烟机内网,杰奎斯菲斯 蔚蓝海岸香水
savarez琴弦,savarez萨瓦列斯古典吉他弦500cj高张力散装弦,耐克外套男士2021春秋新款韩版修身立领休闲棒球服夹克上衣潮流
控制食欲抑制饱腹不饿,正品meifei组合院线配方升级版套装 男女通用产品 买2送1,适用于华为p20手机壳时尚个性直边液态硅胶p20pro油画艺术文化女款超薄防摔镜头全包保护软壳
牙科护目镜,e光opt脱毛仪器眼镜光子激光雕刻洗眉防护眼罩美容仪器护目防强光,m移动防滑防止家用餐桌脚自粘床腿凳子硅胶地面沙发脚固定器防跑m
潜水衣架,多用途塑料战术衣架 战术背心衣服展示衣架 防滑重量级潜水衣架,适用于欧意油烟机cxw-238-d678/708/728/758滤网 内网 按压油杯
斗柜摆件,轻奢白色实木十斗柜客厅玄关柜置物柜卧室储物柜子现代简约八斗橱,秋冬阔腿裤女2021新款高腰雪尼尔加绒条绒女裤春秋直筒灯芯绒裤子
3d立体中国象棋,便携式新款c立体q创版意棋国象棋三盘中国风益智人物3d立体西游l,双弯头type c数据线转usb3.0手机充电传输线上下左右侧弯直头短线
大艺电锯,大艺通用款式电池5寸6寸手持式锂电圆锯木工手提锯木材石材切割机,多功能泡沫清洁剂笔记本电脑电视机液晶屏幕显示器沙发皮具清洗剂
心电图纸215x20,心电图纸210mm通用12导福田中旗邦健科曼宝莱特长效 赛敏工厂直销,2折特卖款jsister 秋装 js黑白时尚个性不规则拼接中裙半身裙
乌龟看病,龟病问诊咨询宠物医院医生兽医师在线咨询水陆乌龟肺炎腐皮白眼病,厨房排风扇电机工业厨房用的抽烟机大吸力商用抽风机圆形管道工厂
宝宝睡衣,丽婴房童装珊瑚绒睡袍保暖加厚保暖家居服连帽浴袍2021年秋冬,雪佛兰新老乐驰后刹车分泵 进口斯帕克后轮制动器总成卡钳泵配件
q币低价,2000qq币qbq币慢到账 需要扫码咨询客服 不接急单 85折回95折qq币,重庆麻辣香菇豆干豆腐干零食大礼包小包装散装小吃零食整箱
怡亲猫砂,猫砂10kg膨润土结团吸水除臭猫咪用品猫沙20斤大袋10公斤包邮,2件】莫代尔男士短袖t恤v领纯色灰色潮流修身冰丝半袖紧身丅恤衫
x soap x皂物所,【现货】五条悟金属徽章周边同人胸针5t5礼物,薇薇爱琪 皮手套女士真皮 进口山羊皮女式 保暖 冬季加长款 加厚
速腾5档齿轮,原厂宝来高尔夫途安波罗朗逸速腾变速箱齿轮输入五档齿底速改高速,黑色开叉牛仔裤女秋冬高腰显瘦烟管裤微胖小个子弹力九分直筒裤子
狗粮盒子储粮桶,猫粮储存桶密封防潮宠物储粮狗粮收纳粮桶存储罐真空大容量存储箱,特价 德国拜耳拜有利风味片15mg宠物猫咪狗犬广谱消炎药感染 整盒
佛前供水碗白铜吉祥花高,纯银供水碗净水碗净水杯七供圣水杯足银s990 8.5cm 单只,专柜无线温感器传感探测器家用工程消防温度感应探
宝马f18贯穿尾灯,适用于宝马5系尾灯总成11-16款f10 f18改装21款led后尾灯流水贯穿,天星 24v低压智能加热 家用焗油帽护理发膜帽 焗油机 安全蒸发
辅酶q10,gnc健安喜辅酶q10素心脏保健ql0软胶囊心血管coq10增强免疫力,韩版秋冬懒人套脚乐福鞋单鞋女厚底松糕底学生小皮鞋英伦风女鞋潮
曲背贴,驼背贴矫正神器纠正背部脊柱变形弯曲僵硬隐形贴膏坐姿背挺直脖子,老爷车特价纯棉男秋冬厚款中老年休闲长裤宽松直筒深档高腰长裤子
夏梦迪,2022年高中高考高三网课物理总复习坤哥刘杰视频讲义一二三轮课程,5折2021新女秋five leve plusv领丝绒拼接小香风连衣裙2nn3084210
柳泽9937,日本原装 柳泽 wo37 降e 中音萨克斯 yanagisawa a9937升级版,长柄软毛搓澡神器两用沐浴刷洗澡刷搓澡巾沐浴球搓背不求人澡刷子
不完美星球,虎年手工年画财神灶王爷  双神送福2022,0331立体手势图标icon手语手型ui交互fig动作3d按钮png素材sketch
艾慈灸艾灸贴官方旗舰店正品,艾慈灸暖宫贴8贴/盒艾绒远红外痛经月经不调产后腰腹疼痛恶露不绝,diy配件材料绕线铜丝线 0.4毫米0.6mm镀k白黄金色玫瑰金6154
棍武器,适用于凯迪拉克防身棒球棒ct4/5/6xt5车载多功能自卫手电筒棒球棍,朗玛 气动冲压机 气动冲床小型 气动压力机 小型台式气压机气啤机
好书推荐卡,教学用品中小学班级学生读书卡语文阅读摘记卡记录卡正反面50张,13-20款蒙迪欧改装鸭翼新蒙迪欧碳纤维尾翼免打孔运动款压翼
匡威斜挎包,converse匡威 反光多功能挎包休闲运动单肩男女腰包 10020821-a01,adkhal纸袋家秋冬纯棉加绒宽松韩版休闲卡通印花长袖套头连帽卫衣
剪鼻器,松下鼻毛修剪器er-pgn70男士用鼻毛器剃刮去鼻毛修剪刀全身水洗,正版政治 大英儿童漫画百科41  6-7岁亲子共读儿童百科全书8-14岁小学生青少年自主阅读课外科学知识课外书科普书籍
擦手巾 全棉,日式雪尼球擦手球加厚吸水厨房擦手毛巾北欧卫生间挂式速干擦手布,达尔优牧马人em915有线鼠标电竞游戏机械网咖usb发光经典裂纹版黑
三合一修车躺板,鼎盛达修车滑板加厚变形修车躺板底盘维修保养睡板换机油汽保工具,300斤卫衣男春秋长袖加肥加大码胖子宽松休闲圆领运动上衣外套潮
boshiscreens,博视中长焦柔性菲涅尔抗光屏幕100寸家用投影抗光幕布4k超窄边画框幕硬屏极米坚果当贝智能投影机投影仪专用,苏泊尔煤气灶单灶家用台式液化气灶燃气灶节能天然气猛火灶单灶炉
木楼梯扶拳头弯,实木楼梯扶手护栏室内扶手立柱栏杆飘窗护栏将军柱弯头烤漆,正版散货普罗米修斯契约异形蛋幼体抓脸虫宇航员手办公仔人偶摆件
佳爽尿垫,佳爽婴儿一次性隔尿垫护理垫新生宝宝防水透气纸尿片布床垫不可洗,美的电饭煲家用4l升电饭锅大容量3-4人5智能多功能官方旗舰店正品
玉柴专用气门绞刀,驰正气门铰刀刀杆 规格齐全 加长手柄超硬材质刀杆气门镗刀通用型,芭芭鸭儿童加绒马丁靴男童二棉鞋保暖短靴子2021冬季新款雪地棉靴
卡板夹子,圆钢钢管起重钳起重吊钳吊具圆钢夹具夹钳索具1 2 3 5 t 吨,ins可爱耳罩女冬季保暖毛绒耳捂子冬季骑车儿童耳套耳帽防冻耳朵
摩托车伞支架,电动车多功能撑伞架自行车伞架共享单车加厚不锈钢万能雨伞支架子,果蔬解毒活氧机家用去农药除异味甲醛多功能臭氧发生器洗菜消毒机
泳衣男童,迪士尼儿童游泳衣裤男孩夏中大童速干防晒分体2021新款专业套装备,铸源官方旗舰店洗衣液芦荟草本洁净护理正品专柜无磷抗菌无荧光剂
古筝调琴器,小天使妙事多mt-50乐器通用调音器校音器节拍器中阮柳琴月琴包邮,雨棚户外遮阳棚折叠四角伞四方伞遮阳蓬广告伞摆摊伞四脚伞大伞
971药,顺丰速发+效期新鲜】九期一 甘露特钠胶囊150mg*42粒/盒 轻度至中度阿尔茨海默病 改善患者认知功能 上海绿谷制药 971,紫蒲蓝色星月之星925银饰项链女锁骨链个性月亮吊坠轻奢小众设计
林肯杯子,林肯专用咖啡随行杯车载保温杯陶瓷内胆便携高档男女汽车用品内饰,舞蹈服装练功服女形体上衣现代民族古典打底衫黑色内搭小吊带背心
台湾纪恋币,宝岛台湾流通纪念币全套收藏方盒子 钱币盒 大全套纪念币盒子,汽车用品指南球车载指南针自驾游装备户外指北针指路球高精度罗盘
塔塔球,嗒嗒球每桶6个 室内运动 嗒嗒乐牌 嗒嗒球 老年活动 买2桶送手胶,杰士邦 3d大颗粒3/8只装避孕套颗粒夫妻成人男女情趣用品安全套
国画小章,书画闲章篆刻字寿山石姓名印章书法国画引首起首章随形长方形压角章古风藏书画落款盖章私个人定刻做礼品文创,进口冷媒雪种制冷剂适配杜邦空调药水汽车134a环保无氟利昂冰种
甜壳储藏室,原创紫色葡萄设计波点适用于苹果13pro简约ins风i12/11全包手机壳,抽水机zdb高扬程自吸增压泵220v全自动家用自来水井泵清水空调泵
朝鲜跟团,美程 曼谷包车中文司机 泰国曼谷到芭提雅华欣大城沙美岛中文包车,【新华书店】重塑超级大脑 打造你的  状态中国社会科学出版社
宫贺新春,2022新年故宫对联定制礼盒春联红包福字创意宫里套装公司定做logo,3m汽车空调清洗剂免拆出风口管道除臭剂强力去污蒸发器杀菌去异味
小熊干果,红薯片干香脆地瓜片500g香甜酥脆非地瓜脆片油炸农家烤地瓜片特产,真匠 暖胃舒乐片 60片温中补虚止痛生肌脾胃虚寒胃炎反酸嗳气
purpuralab,purpura lab原创设计辣妹拼接夹克套装2021国潮秋季新款女士外套,宇航员小米12苹果13手机壳情侣oppo适用任意机型vivo华为60羊皮套
绿宝绿藻,台湾绿宝绿藻片4000片绿医绿先优绿多劲破壁天然d蛋白核小球藻cgf,2020新版 138首更易上手简谱流行钢琴超精选 电子琴钢琴书钢琴谱曲谱简谱书流行歌曲大全 少年 大鱼 冬眠 天空之城 湖南文艺
热玛吉,重庆光博士 热玛吉面部颈部1200发 抗衰紧致 提拉提升瘦脸,大码女装小心机露背短袖t恤女2022新款春夏季宽松设计感小衫上衣
消防管盘,消防软管卷盘20米25米30米自救水管软管轻便水龙消火栓水带箱器材,缓沉水铅笔远投路亚饵海钓翘嘴鲈鱼鳜鳡鱼拟假饵淡水仿生颤沉米诺
奇瑞原厂机油,奇瑞艾瑞泽7a3a5瑞虎瑞虎3瑞虎5g3e5e3风云2发动机油润滑油半合成,正品东定七寸综合三合三元罗盘 厂家直销 高精度天池 纯铜面 风水
聚会短t,定制t恤短袖广告文化衫diy班服工作服衣服纯棉订做工衣印字图logo,2022年新款vr眼镜大屏智能近视v r手机用头戴虚拟现实立体3d盒子
内蒙小羊腿,【福羊天赐】散养羔羊小腿4斤内蒙古散养羊肉羊腿新鲜羊腱子羊排,虎头抱枕2022虎年小老虎抱枕睡觉公仔靠枕新年客厅沙发新中式国潮
时代米娅发膜,发膜旅行装维生素e发膜干枯毛躁修复一秒柔还原酸免蒸焗油补水,预售正版迷你吉盒jyks微缩娃中式糕点 食物 寿桃 月饼 喜饼糕点盒
哑铃套装组合,美国队长哑铃套装pu男士女士包胶固定环保无味健身房专用商用私教,汽油发电机配件5-8kw 188 190f 192f gx390切割机消防泵 缸头总成
鲅鱼新鲜,挪威青花鱼 鲐鱼新鲜美味煎烤炸美味无比一斤12元,适用吉利缤越钥匙套icon星越l帝豪gsgl缤瑞豪越博瑞星瑞包壳扣女
动物森友会扭蛋,tomy多美正版扭蛋  动物森友会周边翻盖电子表腕表手表 11月快货,"modbus网关  modbus rtu转modbus tcp,bacnet,dlt645转modbus"
带壳玉兰片,大别山竹笋干干货农家自制散装嫩笋干笋尖干冬笋干玉兰片250g,外星小熊opporenoace手机壳新款侧边renoace直边液态硅胶oppoace2保护套全包防摔ace原创卡通rrnoace
茗枞雅集,古树红茶包装盒空礼盒高档凤凰单枞滇红半斤装小种金骏眉礼盒空盒,胖mm炸街裤子女直筒宽松潮ins高街设计感夏季薄九分束脚运动卫裤
棷子油,恒丽保 海南冷榨初椰子油食用烘焙coconut oil生酮护肤护发1000ml,nike  downshifter 10 黑武士 男子 休闲运动跑步鞋 ci9981-002
洗菜瓷盆,老式陶瓷水槽洗菜盆长方形水斗厨房洗碗阳台洗衣池室外洗手盆单槽,言鼎整套青瓷紫砂功夫茶具套装家用全自动电热磁炉一体茶盘茶道台
fm调频发射器,车载mp3播放器汽车usb蓝牙音频接收器立体声音响fm音频发射器5.0,【新华网】控制焦虑 心理学大师埃利斯经典作品 理性行为疗法之父 心理治疗书籍 焦虑症心理治疗书籍 理性行为心理疗法 机工
麦富迪旗舰店官网正品,麦富迪狗粮幼犬小型犬通用20斤装泰迪博美营养森林肉松成犬粮10kg,幼儿园园服春秋装英伦三件套校服套装小学生班服运动服秋季学院风
防狗神器 天敌,驱狗神器防狗咬保镖便携式大功率轰避狗宝电子止吠器超声波狗见愁,迪摩m310无线鼠标静音鼠标笔记本办公超薄便携无限鼠标男女生通用
耐克童鞋,nike air maxsc(tdv)儿童魔术贴轻便运动休闲鞋 cz5361-104,贝多利m 韩国jp纯原新款女款加绒裤保暖卫裤
爱是来自地狱的狗,《爱是来自地狱的狗》charles bukowski启明出版,飞利浦电动牙刷hx6312 hx6322 hx6352 hx6320 hx6340的外壳/底盖
tt豆充,【无需密码】欢游 tt语音2000个t豆充值 欢游tt语音直播 自动到账,进口洋酒孟买蓝宝石金酒bombay gin琴酒杜松子酒英国金汤力 毡酒
制冷机组冷凝风机自动控制器,kl01单向冷凝压力控制器冷库冷冻机风机冷凝器电机风机电子调速,华仕艾肯洗衣柜双盆带搓板不锈钢阳台浴室柜人造石英石洗衣池定制
电热毯双人官方旗舰店正品,水暖毯智能电热毯单人宿舍学生专用小型水循环双人孕妇恒温shui,多格针线收纳盒透明塑料收纳盒小螺丝纽扣储物工具分类格子样品盒
一开口就让人喜欢你电子版,正版 一开口就让人喜欢你 沟通有策略 说话有水平 口才训练手册 掌握人际交往中的口才技巧 正版书籍 新华书店旗舰店文轩官网,毛线蝴蝶结公主发夹鸭嘴夹bb夹秋冬夹子侧边夹刘海夹少女后脑勺女
欧洲站短袖t恤女长,运动休闲裤套装夏2021新款气质女神范高端时尚洋气减龄t恤两件套,kono水润亮泽护发素 柔顺 顺滑改善干枯毛躁润发乳男女士官方正品
电动转盘,usb充电自动旋转展示台 淘宝全景视频拍摄电动调速转盘直播摄影架,现特价捡漏孤品fendi老花ff双f扣托特包男女通用  日本中古奢侈
苹果焦,正宗苹果蕉粉蕉香蕉新鲜10斤自然熟当季整箱水果小米蕉芭蕉香焦甜,奔驰汽车坐垫冬季羊羔绒2021款奔驰glb200 e300l c260l a200l坐垫
沪上阿姨麻将,大红色卡通家用麻将牌潮牌麻将40 42.44铝箱黑豆饼捣研装干湿异常,苏北特产 宿迁 艳柳 擀面皮 3份 米线 3份 组合装 有底料食品即食
衣套防尘罩,衣服防尘袋衣罩衣物防尘罩子全封闭衣柜挂衣袋家用透明西装大衣套,漫威美国队长的圆盾牌手办全金属装饰玩具摆件1比1正版挂件儿童
自由式摔跤跤衣阿迪达斯,2020全新 阿迪达斯 男子修身 连体摔跤服 adidas 举重 摔跤比赛服,浅秋2021春秋新款女装诸氏方圆羊绒衫水云间赛兔打底羊毛衫毛衣潮
帐篷全自动快速打开,全自动速开免搭建露营沙滩遮阳帐篷户外便捷双人海边防晒防紫外线,魔力柔正品液态护理精华液护发素防毛燥干枯快速免洗喷雾水疗修复
快剪吸发管,快剪理发店吸尘器毛刷头，快剪柜吸发软管通用，吸尘器伸缩管子,honor/荣耀 畅玩7x/8xmax大屏全网通指纹便宜工作室智能2手机华为
小米全自动挤牙膏,小米有品向物挤牙膏器壁挂免打孔安装牙膏机省心洁净出牙膏卫生间,回力aj女鞋高帮鞋子女2021爆款冬季ins潮休闲学生百搭厚底运动鞋
abb880  430a,abb变频器acs880-01-430a-3 全新原装 880-430a 重载200kw,适用五菱宏光mini ev车贴前脸车尾车头个性卡通贴纸笑脸贴画装饰
月季大茶壶,特价贴花文革2朵大花月季手执壶茶壶 全品 包老 瓷器标本1,可调节握力器腕力器大力度专业练臂肌锻炼手力手指康复健身握力器
童装男,男童冬装2021年新款棉服儿童加厚棉衣外套洋气大童秋冬款羽绒棉袄,双面羊绒大衣女中长款2021年新款秋季休闲羊毛小个子高端毛呢外套
桂城荣记,糖桂花甜桂花酱蜜酿浆食用蜂蜜果酱桂花蜜家用冰粉烘焙馅料小包装,江南房子创意文竹陶瓷造景花盆家居客厅摆件家用微景观小多肉花盆
褶皱纸卷手帐,33et25amis | 海淘手工褶皱纸手帐用品,正版现货成语小学堂出口成章全套12册带解释小学生注音版一年级二年级一到六年级小学生版四字词语故事训练大全人文典故书籍大全书
高尔夫两节te e,日本进口 daiya te-444高尔夫球钉可调节高度塑料高尔夫球tee球托,硅胶假胸内衣女男用伪娘cos主播显大假乳房义乳胸垫变装夏天仿真
贝立安酷炫王子儿童自行车,贝立安儿童自行车儿童脚踏3岁宝宝单车小孩246岁男孩自行车67安。,半球电压力锅密封圈4升 5升 6l电高压锅胶圈硅胶 锅盖皮圈 原装
微小v,5g智能微商专用多群转播课程赢客开微分身营销系统工具腾领袖手机,陶瓷便携内胆真空双层保温杯骨瓷大容量旅行车载随手简约泡茶世宝
育儿堂,御众堂御儿堂乳头生肌油修复破裂皲裂膏疼痛草本护理保护霜哺乳期,大东马丁靴2021年新款女英伦风靴子春秋单靴冬季加绒复古真皮短靴
暇步士旗舰店儿童冲锋,【双12vip专享购物金】暇步士vip专属限定购物金-全店通用,雪佛兰科鲁兹仪表台防晒避光垫内饰汽车用品中控台改装遮光遮阳垫
红酒外包装单支,拉菲专用红酒包装盒子单支装皮盒1只装皮箱带酒具定制包邮,清明节仿真花水晶菊墓碑摆放假花扫墓花上坟绢花陵园祭祀绢花
圣戈班1.1 * 3.2,圣戈班耐腐蚀制药医疗级软管 pharmed bpt 长寿命蠕动泵橡胶硅胶,男士工装裤加厚秋冬季韩版潮流休闲裤子男宽松束脚马丁靴裤男长裤
粉扑刷子,李佳琦推荐55号魔术粉底刷遮瑕无痕不吃粉扁头化妆美妆工具套装,2022春季新款卫衣女套头时尚潮学院风宽松卡通字母笑脸连帽打底衫
giro雪镜,雪族雪具2122新款giro单板双板method滑雪镜亚洲款,欧洲站冬装女2021新款欧货韩版休闲时尚港风印花棒球服羽绒服外套
2022年杭州亚运会的娃娃,亚运会吉祥物首发版卡通毛绒玩偶创意可爱公仔生日礼物杭州亚运会,法式复古编制珍珠个性百搭爱心项链心形颈链女网红choker项圈饰品
搭电瓶的灯,12v电瓶专用灯射灯高亮夜市灯摆摊节能灯低压灯直流电瓶车照明灯,momax摩米士车载充电器快充版qc3.0手机双usb一拖二汽车点烟器头
山东临沂一卡通,新力ic加密卡吉炬消费机ic卡 新力消费机授权配套卡 智能一卡通,荒荒家无袖打底小背心2021新款露脐内搭运动风短款上衣外穿女夏薄
汤金机订做硅胶,烫金胶辊胶轮热转印机专用硅胶滚筒烫印机胶头可订做t弧形凹形胶,冰雪布置生日气球套餐儿童主题场景宝宝女孩公主派对装扮用品装饰
漠里优选藏红花,福东海藏红花正品特非级伊朗西红花药材西臧红花的功效官方旗舰店,11月蒙牛未来星双原生dha高钙纯牛奶190ml*12包整箱礼盒儿童牛奶
金牌降压表,金牌表式磁疗带经典男女款高血压老年家用高血压磁疗带电视同款,韩国正品代购女士包包hoze单肩包精致手提包牛皮if
生活妙招,【15.8包邮】生活窍门全知道//生活实用小妙招窍门居家清扫归纳收纳百科全书居家打理生活图鉴工具书籍图解生活窍门3000例,秋水伊人洋气时尚套装春季2022新款女装网红针织连衣裙两件套早春
misscathy,【0110】出口彩色手工玻璃花瓶 中古欧洲复古vintage设计琉璃样品,2021冬季新款欧美潮牌百搭休闲卫衣男潮流时尚印花圆领纯棉上衣
行驶证套,新款汽车机动车行驶证驾驶证皮套行车证驾照本车管所男女蓝色封面,老树枝后现代简约客厅沙发落地灯北欧样板房设计师创意书房卧室灯
艾柔梦,蓬松喷雾自然蓬松神器定型免洗控油空气感冬季懒人油头蓬蓬粉男女,日本月季 珊瑚果冻 多季多头花灌木花苗水果香
新人免费领取蓝牙耳机,挂脖式无线蓝牙耳机运动颈挂磁吸2021新款数显大电量超长待机续航跑步降噪防汗游戏适用苹果华为小米vivo通用,奥特曼蜘蛛侠加棉羽绒连帽棉服中长款保暖洋气 爆闪灯男童1030a1
别致漂亮小衫,内搭加绒雪纺衬衫女装春装2022年新款秋冬打底衫时尚欧货上衣洋气,补墙膏墙粉填补修补膏美缝剂墙面艺术脱粉补墙漆墙面防水修补涂料
torriden唇膏,韩国化解官方torriden桃瑞丹修护滋润唇部精华11ml淡化唇纹护理,卡波姆940凝胶剂化妆品护肤增稠diy面膜做芦荟胶原料凝胶定型形成
高温粉笔,工业记号笔 高温笔100&deg;-1300&deg;耐高温笔 钢板高温记号笔,春季青少年拼色立领夹克男春秋美式街头潮流宽松百搭运动机能外套
高压电缆头液体绝缘密封胶,高压电缆密封胶环保型高压电缆中间接头保护盒灌封胶 厂家直销,铠甲勇士卡牌卡片捕将包全套零次元周边亲子对战卡奥特曼10星闪卡
减粉片,饭店用火烧粉油烟机去减重油清洁剂片家政干活厨房下水道油污净‮,荷宝娜微胖定制 编织纹小香格子吊带裙女冬季高腰修身显瘦长裙
冲洗台喷淋设备,建筑工地洗轮机全自动车辆冲洗平台工程洗车机免基础全封闭大型,韩国童装2022春款女童长袖娃娃领衬衫儿童洋气圆领套头碎花上衣
南光forza60配件,神牛ad400pro外拍配件闪光灯附件电池/灯管/充电器/束光筒/柔光箱,新款时尚透明灯泡珍珠钮扣  皮毛一体毛绒大衣外套钮扣
维克多男装,vicutu/威可多商场同款西装男套装上衣纯羊毛深军绿色西服外套 惠,大廓形卫衣冬季新款休闲宽松甜美 ＆ other stories la1044546002
储物盒贴墙白色,宝宝口水巾收纳盒挂钩夹衣柜壁挂式免打孔儿童方巾杆帽子收纳神器,赔本处理穗得美女睡衣秋冬新款针织薄夹棉卡通可爱休闲家居服套装
烧烤网刷,烧烤清洁刷 多功能铁刷子烤网碳网烧烤架清洗除锈刷户外烧烤工具,茶宠摆件小乌龟可养虎年茶宠龙龟茶宠精品茶盘摆件茶宠2022年新款
装修全包,红星美凯龙 美凯龙家装 全包半包翻新个性化装修订金免费量房,铝合金护墙角保护条护角条免打孔防撞阳角线客厅装饰自粘包边收边
胎毛笔diy自制,宝宝胎毛笔纪念品diy制作婴儿胎发脐带章满月百天生日礼盒胎发印,2020春装新款欧洲站潮流百搭小性感透视喇叭袖中长款蕾丝衫打底衫
老人鞋,老北京布鞋女冬季保暖棉靴加绒加厚防滑软底中老年人妈妈奶奶棉鞋,韩系百搭棉质加绒卫裤女2021秋冬简约松紧腰加厚保暖减龄休闲裤潮
马尔代夫旅游,马尔代夫奢华六星岛屿丽笙酒店蜜月家庭岛精选度假套餐,悍高衣柜阿玛尼精致简约皮革首饰盒收纳卧室衣帽间家用抽屉式五金
护膝袜子秋冬宽松,护腿袜套女加长春秋冬季长筒袜子过膝宽松堆堆袜毛线袜筒腿袜,nike耐克男鞋夏季款free 4.0 flykni赤足透气运动鞋跑步鞋bq3204
花样游泳专用鼻夹,飞鱼游泳鼻夹耳塞防呛水专业套装硅胶成人男女装备防滑潜水鼻子夹,驾驶证皮套男士行驶证多功能二合一驾照保护本女卡包便捷身份证套
酒精块,蓝色固体方块酒精耐烧持久无烟无味酒店饭店干锅烤鱼户外引燃木炭,婴儿新款宝宝背带抱婴跨境儿童单肩简易抱抱托前抱式腰凳轻便透气
百思迪,超长保温饭盒焖烧杯上班族学生专用不锈钢便当闷烧饭桶家用便携壶,烫钻轻奢60支大提花蚕丝雪绒被芯全棉学生双人加厚保暖春秋冬被子
新年款坐便套两件套,喜庆马桶通用新款便套式新年套坐套大红卡通纽扣马桶三件两件,自熄管 玻璃丝纤维管过胶耐高温管玻纤管 阻燃护线绝缘套管1-30mm
软基处理用排水板,高分子防护异型片 车库顶板虹吸系统排水板 海绵城市疏水板pe材料,迷你小主机win10 intel四核z3735f电脑棒mini pc随身口袋电脑htpc
老鹰釉,原装正品美鹰快捷晶亮釉 汽车美容车釉 光亮剂美鹰封釉镀膜镀晶,法式单鞋女高跟2022年春季淑女小香风蝴蝶结配伴娘服气质玛丽珍鞋
长虹xqb5o一7o9c洗衣机离合器,适用长虹全自动洗衣机离合器总成xqb82-622减速器齿轮轴承配件,别克昂科威新君威gl8君越gl6英朗汽车头枕护颈枕座椅腰靠枕记忆棉
罗丝批套,包邮冲击批螺丝刀螺丝批旋具改锥套筒螺母敲击起子螺丝取出器工具,小白信封包~细节满分！sensai 嘉娜宝化妆包\收纳包\旅行包洗漱包
小女孩冲锋衣加厚,女童户外三合一可拆卸冲锋衣羽绒棉内胆加厚保暖冬季儿童大童外套,鑫姿染发膏发廊专用基色单支染发膏美发店黑色染色膏批发000褪色
高山陕西凤县秦岭五味子,五味子新货2021秦岭野生南五味子干货 散装500g煲汤泡水 泡酒料,欧美站新品缝线休闲男鞋头层牛皮复古风经典皮鞋广州高端特价鞋子
hilx雪镜,hilx yeti vintro加拿大滑雪眼镜防雾男女柱面近视滑雪镜护目镜,联塑ppr热熔接水管配件内螺纹异径直接 上水管阴内丝牙直通头管件
十字绣布,胡丽丽十字绣韩国耶单delight 14ct金丝银丝珍珠白亚麻绣布 1/4码,星域奔驰amg g63遥控汽车漂移电动1:12跑车模型男孩儿童赛车玩具g
12款天籁后减震加高,新老天籁风雅前后减震避震加强加高加粗改装汽车弹簧改气增高底盘,多功能锅盖架厨房桌面台面可折叠台式置物架放锅铲的神器坐式架子
电钓黄鳝钩一体机,黄鳝钓钩一体伸缩杆电子高岸神器带有倒刺懒人钓防脱钩自动助钓器,紫色羊毛西装外套女春秋新款大码高端休闲气质女士中长款西服上衣
ikea,【宜家国内代购】宜家   德洛纳盒 33*38* 33 适合卡莱克,125枚价 简洁白条handmade.长条封口贴 礼物贴 礼品包装装饰贴纸
加热管，蒸箱,小四盘蒸饭柜加热管六盘蒸饭机电热管保温台t型蒸箱发热管220v3kw,赢派新中式全实木餐桌高档可伸缩乌金木折叠可变圆桌餐台现代简约
手机包膜机,创伍特 4020全自动热收缩膜包装机 热缩机热收缩机塑封机包膜机餐具化妆品茶叶礼盒外包装热塑封膜机收缩膜链,乳胶漆油漆涂料无气喷涂机配件喷枪喷漆机喷涂枪喷腻子喷漆枪喷嘴
油茶脱声机,多功能油茶果机壳机山茶果油茶果剥壳脱茶油n籽蓖麻脱壳分离一体,xbox360游戏机有线手柄usb转接头 转换线 xbox360手柄插头连接线
抛光带,915*100/2100*50/2400镜面抛光羊毛砂带毛毡条抛光砂带抛光机抛亮,2022亚克力展示盒一体式高达长方形g玻璃防尘罩透明手办模型收纳
标致 207 刹后车片,博世后刹车蹄0986ab3807适用于标致206/207/荣威350/爱丽舍/富康,禧玛诺前拨9速 fd-m3000上摆 双拉31.8 /34.9 自行车前变速器配件
声学唛克风测量套装,pam22+km2（含话筒架）专业测量声卡usb音频接口音响声学测试套装,木林森皮鞋男真皮春季2022新款休闲鞋一脚蹬软皮软底潮流男鞋百搭
牙刷品牌旗舰店官方,牙刷软毛细毛成人8支桶装家庭装组合家用情侣质量好的女男士专用,异人小筑 山水一色 原创复古风仿点翠束发冠 汉服仿烧蓝仙气头冠
经济学人账号,【学者们注意啦】各种学科国外英文学术期刊杂志整本订阅咨询服务,seoul韩系chic复古甜酷洋气减龄宽松休闲小众可拆卸叠领型连衣裙
餐巾纸收纳盒客厅,欧式高档奢华客厅家用陶瓷纸巾盒创意软装别墅茶几瓷铜抽纸盒摆件,hla/海澜之家舒适有型牛仔裤猫须微弹裤男
缝纫机油大桶,贵人邦50斤缝纫机油 大桶装缝纫机油 白油 平车衣车油 针车油,火车头帽子东北雷锋帽男士防风防寒加绒保暖男潮复古花布护耳毛绒
封阳台神器出租屋,全景阳台折叠窗封闭阳台抗风左右折叠玻璃窗隔音铝合金欧梵伦门窗,康威阿里达斯官方旗舰店2021冬季新款小白潮鞋运动板鞋潮流男鞋百
屋顶架空柱,南京欧式别墅铝合金阳光房门窗户农村露天井玻璃房顶阳台封闭定制,寿衣女 全套 七件套 老人冲喜长袍寿服 丧葬殡葬用品死人衣服
考研课网,23年考研网课政治英语数学教育学管综法硕西综等专业全机构送22年,美容院正品 圣洁之缘黄金时光精华乳30ml
耐克2021新款男裤,nike耐克 男子训练透气跑步束脚线圈收口休闲运动长裤 do1741-010,db-268 miyuki古董珠~1.6mm日本进口御幸米珠黑灰色系1
完美水杯,完美杯子 完美饮料杯 太空杯,专业收藏版合金1:200国际航空波音b747-400客机模型飞机主席专机
益生菌     培菲康   p16,信谊p16/p16+益生菌儿童调理肠胃肠道老人成年大人男女性家庭通用,港味复古chic裙子背带裙套装洋气减龄秋冬日系两件套格子连衣裙女
美团叠加,外卖会员通用红包优惠券外卖代金抵用卷兑换码无门槛叠加量包秒发,原装正品上海银燕断螺丝取出器套装断头螺丝取出器12件螺栓取出器
加贺号,田宫tamiya  31617 1/700 英国 反击号 重型巡洋现货,看动画学数学小学1-6年级思维启蒙训练视频自学素资料材无ppt
拔罐竹罐,拔火罐器竹火罐中医专用罐去湿气养生传统家用的罐子小号工具全套,私人定制浓眉安东尼戴维斯怒吼套装1:6人偶非eb enterbay模玩世家
模块0011800438,海尔变频空调模块0011800223u/258g/328c/377a/052/438电脑板配件,e213081306爱登堡男装秋冬款短袖t恤 2021秋冬品牌男士针织半袖衫
taotech雪镜,taotech日本滑雪眼镜磁吸款可拆卸护目镜防雾镜片柱面男女近视,北欧风全棉1.5m床笠四件套学生宿舍1.2米床100全棉床单被套三件套
u型浴帘,&quot;冬天洗澡不冷神器洗澡浴罩东天家用洗澡浴帐防冷挡风加厚防水保,菱格切线轻薄羽绒服女中长款2021年冬装新款爆款时尚洋气冬季外套
狗狗秋衣,大狗衣服秋装薄款大金毛拉布拉多萨摩防掉毛宠物狗护肚多色四脚衣,陈巧生莲花钮天鸡耳熏香炉铜线香檀香炉家用室内香薰炉摆件弘毅斋
射钉枪子弹,铜鸡眼扣 铜五金铆钉 过孔铜空心铆钉 铜件 m2.5-m3(一斤),ttwnbear天天维尼熊渔夫鞋女平底2022新款懒人一脚蹬休闲草编女鞋
linno,朗龙车载香水汽车用香薰空调出风口香氛持久淡香车内固体香膏高档,typec转接头方口usb手机平板转换连midi雅马哈电钢琴电子鼓打印机
宠物狗,【长沙犬舍】纯种阿拉斯加幼犬狗狗雪橇犬灰黑棕红色熊版幼犬狗狗,米范家 现代简约抽象客厅装饰画玄关大气挂画民宿样板间墙壁画
xq虎,稀奇艺术文那虎年新品《虎虎生风》家居装饰桌面艺术摆件收藏雕塑,看不见的雪黛丽丝袜 0d蚕丝超薄t裆无痕脚尖透明隐形袜雾面哑光
雨夜夫妻档,巨型一代盘龙纹小金刚菩提子爆肉红皮狮子头文玩手串佛珠,船用ulg自闭式油位水位计 玻璃管式液位计 铜阀门 螺纹连接焊接式
简小知,王慧志硬笔书法楷书练字帖中小学生成年基本入门笔画笔顺偏旁部首,日本斯玛库善玉多无谷益生菌犬粮泰迪比熊柯基全价通用型成犬狗粮
告别黑皮肤,李佳琪推荐~天生黄皮肤也能白全身白到发光~拍2发3,i电动车液晶屏巧格 m福喜程动车电摩48v607v2v速度里电表显示仪表
侧摇启闭机,启闭机闸门ql-s手摇螺杆启闭机5t 手摇启闭机2t3t8t10t15t20t30t,围裙皮防水防油可爱大褂带袖子简约成人韩式男女士倒背衣厨房大人
手套 健身 红,瑜伽手套女防滑空中训练薄款四指健身护掌普拉提专业运动手套,成洁货架置物架多层仓库仓储重型货架加厚五金铁架子储物架600kg
繁华食代餐具,创意碗碟套装家用陶瓷碗礼品送闺蜜结婚实用餐具婚礼礼盒套装回礼,王一博代言卡西欧手表女babyg独角兽星空运动gshock樱花粉gmas120
奥妙旗舰店官方旗舰,奥妙自然工坊餐具净洗碗食品果蔬清洁洗洁精1.08kg*2瓶柠檬橙花型,全自动底部上水电热烧水壶抽水玻璃喷淋式蒸汽煮茶器小型茶壶一体
秋装小腰褂,小西装外套女2022春秋新款小个子短款休闲设计感早春格子西服上衣,汕尾碣石港特产深海小鳗鱼干船晒汤麻鱼干500g包邮
bettys,绘亼一伽bqan日式美甲罐装甲油胶全套74色美甲店专用彩绘胶光疗胶,新超大容量保温杯高颜值吸管水杯女可爱学生便携水壶1500ml背带杯
气雾菜种植架,水培植物家庭螺旋式花架自动塑料种植篮大棚雾无水气雾蔬菜塑料,r4烧录卡3ds 2ds ndsi可用nds游戏 r4i金卡2021new 3dsll gba游戏
书写架,小学生用防近视坐姿纠正器儿童视力保护支架书桌款预防驼背低头护栏杆小孩子写作业神器护眼卫士矫正写字姿势,有框毛主席标准画像毛泽东天安门红旗挥手画壁挂像墙挂画站像清晰
孕妇秋衣套装,孕妇秋衣秋裤春秋冬款月子服孕妇哺乳睡衣待产后医院衣裤喂奶纯棉,单身恤风韩版男友定制码国二维搞笑衣服氏欧美百家姓短袖我内涵
焦岗湖鸡,淮南特产 焦岗湖 山黄鸡 纯手工腌制 真空礼盒装 顺丰包邮,儿童贴纸书叶罗丽精灵梦换衣服换装益智玩具女孩公主卡通闪闪贴画
方铁油箱定制,定做油箱方铁油箱立式 卧式液压油缸动力单元控制系统 峰晓油箱厂,兰德酷路泽门槽垫陆地巡洋舰水杯垫防滑垫储物盒内饰装饰改装专用
封口铝箔纸瓶,包邮封口贴纸护肤品化妆品软管瓶子压敏封口贴铝膜不干胶贴铝箔,清仓蚕丝被100%桑蚕丝棉被子冬天加厚宿舍单人保暖冬被芯空调被褥
迷你细齿锯,日本进口大和手工锯 三面磨齿木柄园林锯子270塑料柄果树修细枝锯,适配长安cs35 逸动 xt 12-17款前挡风玻璃遮阳板带化妆镜挡阳板
奥特曼演出票,日本圆谷版奥特曼系列舞台剧《奥特传奇之英雄归来》演出门票,特价发热蕾丝v领背心石墨烯海姆绒自发热面料 抑菌恒温保暖女秋冬
内十二角套筒,匠领 1/2十二角梅花短套筒头子12.5mm扳手套装8-32mm大飞12角套筒,不锈钢勺子家用韩式西瓜勺儿童卡通吃饭勺创意可爱甜品勺网红汤匙
铜舍利塔匙扣,纯铜大白塔汽车钥匙扣挂件腰间包包挂饰黄铜创意吊坠 佛塔舍利塔,机械振动信号处理与故障诊断房立清 机械振动信号描述与分析方法 机械动力设备维修机械设备振动故障监测与诊断书籍
阿迪达斯拳套,阿迪达斯adidas专业散打搏击训练比赛国产拳击手套adih50,紫砂茶叶罐迷你小罐原矿段泥手工便携醒茶罐存储罐旅行随身密封罐
狗狗玩具，吸地上一头拉扯,狗狗玩具吸地球吸盘宠物漏食球拔河互动解闷中大型犬洁齿耐咬磨牙,住校用暖壶学生用宿舍防爆旅行者保温水壶防摔保温瓶便携外出泡奶
林毅夫,现货正版 国内大循环 何毅亭、黄奇帆、迟福林、姚洋等著 经济发展新战略与政策选择 经济理论经管、励志,小香风嵌金丝毛呢短裙a字裙女潮 2021新款韩版高腰纽扣包臀半身裙
木地板修复 上海 上门,家庭实木地板翻新打磨保养抛光打蜡上海刷漆施工上门服务,【御玩堂】vj单卡 bs 蛇型视界 异画 6月末
浩才母婴,儿童玩具收纳架玩具柜置物架宝宝玩具收纳书架家用大容量储物箱子,chaber巧帛21年冬季新品通勤格纹单排扣修身a字女毛呢外套814613
白瓷器茶具,精品羊脂玉白瓷公道杯实木侧把大号功道杯陶瓷分茶器,纯色餐桌椅子套罩通用弹力现代简约家用凳子椅面套办公坐垫套
鲜族舞蹈鞋,舞鞋朝鲜勾鞋朝鲜舞朝鲜族传统舞鞋勾鞋内增高古典民族舞练功鞋,美杜莎短款露脐t恤2022春夏新品金属别针吊坠字母印花修身短袖女
小米桶,家用大容量米面储存罐 防虫防潮米桶密封装米缸 厨房面粉收纳箱子,素雅订女装旗舰店2021冬新款宽松加厚毛领羽绒棉服中长款保暖大衣
nfl,tampa bay buccaneers 坦帕湾海盗橄榄球队美式橄榄球休闲训练,neostrata/芯丝翠倍舒润肤乳液身体乳祛痘淡化印痕嫩肤细毛孔
金晨热风幕,金晨大风量电加热风幕机drm-xc1209-l drm-xc1212-l drm-xc1215-l,小苏打儿童牙膏水果味可吞咽23456岁宝宝无氟防蛀口气清新苹果60g
男士修身长款羽绒裤,羽凰冬新款加厚羽绒裤男中老年爸爸保暖内穿高腰大码内胆羽绒棉裤,拨胡子神器 男士 拔毛把胡子面部全套脸眉毛夹镊子不锈钢修眉
旺旺辣椒酥,旺旺挑豆蒜片豆果创意零食椒麻蚕豆零食炒货下酒菜零食小吃小小酥,设计师品牌 kinnatty 时尚百搭立体小花方领打底衫 2022早春新款
小黑裙弹力素,三个魔发匠弹力素黑裙女士小保湿护发卷美发造型修复定型精华啫喱,s925纯银手工制作diy耳吊配饰 古法金耳环空托夹扣耳勾配件材料
玺辰珠宝,缅甸天然翡翠边角料玉石木那后江毛料原石蒙包手镯芯冰种手镯鉴定,suavinex苏维妮原装宝宝安抚奶嘴乳胶硅胶超软安睡早产儿新生儿
深圳校裤,深圳校服裤长裤短裤拉链裤男女中学高中初中生秋春夏季运动裤包邮,爱博尔2021年冬男士羽绒服印花时尚都市青年男羽绒外套上衣a2010
集装箱船模型摆件,35cm cmacgm集装箱模型摆件仿真集装箱船舶模型静态海运货柜船模,一字肩吊带连衣裙女夏2021新款纯欲风修身显瘦网纱拼接a字中长裙
红土豆种,红皮土豆种子10斤云南高产早熟红皮黄心洋芋种马铃薯种子可发邮政,美宁火腿午餐肉罐头340g速食火锅食材方便猪肉罐头速食下饭菜食品
苏宁易购官方旗舰店烘干机,【小天鹅45】热泵烘干机9kg全自动滚筒式干衣智能家电th90-h02wy,原版 nana best 娜娜 初回限定 cd+dvd 原声  未拆
汽车脚垫制作机器,振动刀汽车脚垫切割机 座椅套电脑裁剪机 做360软包脚垫机器设备,适合electrolux配件伊莱克斯抽油烟机油杯欧琳滴油碗塑料接油盒壶
鸡鸭除毛器,拔毛神器鸡毛鸭毛电动商用家禽手持自动拨鹅打去除杀夹脱毛机工具,同仁堂原材 薰衣草干花粒250克 中药材薰衣草 无硫新货 可磨粉
usata养生壶,御尚堂养生壶大容量保温预约养生茶壶办公室家用煮茶器烧水壶,2021新版 司马彦字帖英语抄写本六年级下册人教pep版 六年级下册英语书教材课本同步描红字帖小学生6年级下册同步训练习册英语字
手工麻花辨发㧜蓬松,鱼骨辫假发发箍女手工麻花辫子编发头箍发卡带齿防滑蓬松仿真发带,春秋季户外速干裤男薄款 nike aj男裤 梭织运动长裤 cv5507-010
垂直律动机,垂直律动机懒人瘦身运动健身器材非抖抖甩脂机瘦腰瘦肚子减肥神器,ins秋冬欧美潮牌冷墙工业风重工刺绣打底衫t 高街内搭男女长袖t恤
华丽电动工具,华丽1010w电锤两用多功能电锤电镐冲击钻水电装潢0826d混凝土开槽,大一超市店铺投币保险柜  办公商用酒店收银投币式保险箱全钢保管柜办公投币60cm
jtest真题电子版,jtest历年真刷题库ac/de/fg2021jtest考试电子pdf160回,免打孔隐形子母拉手包边轻奢简约衣柜柜门把手拇指款长条橱柜爵跃
修曼扎布,曼扎布修曼扎供曼扎布加大120*120加厚加密耐磨面料,回力男鞋官方旗舰店飞跃联名正品2022年网红爆款春秋板鞋男小白鞋
奶油kids童装,奶油kids女童裤子2021夏季新款儿童韩版洋气阔腿裤女宝宝休闲长裤,。2022年爆款韩版过膝袜冬季加厚毛圈保暖洋气长筒袜女款时尚百搭
细齿小平锉,扁平锉打磨钢锉tsubosan日本壶三平头扁锉刀3mm4mm5mm什锦锉,金丝猴塑料透明直尺工程测量直尺15/20/30/40/50/60/80/100cm尺子
闪电宝刷卡机,快钱&mdash;安收宝英度科技,一对拍2只 枕套单人加厚夹棉枕芯套枕头套42*62单只装
孕妇微喇裤,孕妇裤子春秋款外穿微喇叭裤春季时尚潮妈托腹打底裤九分裤春装,纯秦陕西纯羊奶粉 全脂羊奶粉官方旗舰店羊奶粉纯适合3岁以上人群
甘草酸锌颗粒,伯迪甘草锌颗粒5g*15包/盒口腔溃疡生长发育不良寻常型痤疮肠胃不适异食癖小儿厌食健脾发育迟缓创伤愈合面黄肌瘦烧伤十二指肠溃疡,班服秋季套装小学生校服儿童运动会服装棉幼儿园园服春秋装三件套
烤火罩,烤火桌子罩套冬季加绒加厚正方形电炉罩套烤火被麻将机取暖桌布,",,led星星灯小彩灯闪灯串灯满天星生日布置新年圣诞节装饰卧室夜"
开裆裤,春秋大码中厚开裆丝袜裤成人性感免脱打底裤防勾丝九分裤踩脚裤,正品05橄榄绿女士短裙 小短裙 文艺演出裙子
雪柜温度计,厨房超市冰箱冷柜冰柜低温冷藏冷冻保温箱储藏室测量温度计高精度,mcaduo耳钉女夏小众设计感小巧气质套装耳环2021年新款潮贝母耳饰
车载收纳挂袋顺丰,宝马3系5系x1汽车椅背置物袋多功能车载座椅后背挂袋储物箱收纳袋,新款锦纶买1送1无痕内衣少女文胸舒适上托不掉色透气蝴蝶结美背
男童棉拖,儿童棉拖鞋男女小童卡通新款恐龙秋冬季可爱冬天宝宝毛毛室内包跟,黑色加绒雪尼尔阔腿裤女秋冬高腰垂感宽松直筒休闲长裤灯芯绒裤子
果蝇贴,双面粘虫板黄色诱虫花卉小黑飞虫黏贴覆纸农用大棚蓟马果蝇诱捕器,碳刷配件支架弹簧碳刷架行车吸盘碳l刷集电环龙门吊电缆卷筒航吊
南瓜灯大,万圣节镂空发光大南瓜灯新款装饰装扮活动氛围摆件场景布置道具品,房门帘子四季通用室内装饰帘仙气蕾丝卧室2021年新款免打孔隔断帘
150×190蚊帐,坐床式拉链蚊帐床帘一体式遮光防尘床幔1.8m2米床家用蒙古包帐篷,新款2021韩版潮小包包手机包斜挎包装放零钱钥匙手拿手腕迷你女包
安全带警示不带字,促销盒装警戒线警戒带警戒隔离带护栏带警示带注意安全包邮,what for老爹鞋女秋冬休闲单鞋厚底杨紫同款小白鞋椰子鞋女运动鞋
外牙刀,数控外螺纹刀杆牙刀ser/l/1212h16/2020k16/2525m16车床刀具刀架,小众单肩包包女2021新款秋冬超轻保暖羽绒棉包单肩包通勤斜挎包
美的商用开水器mk-e50la,midea/美的50l数字程控商用开水器 全自动步进式吧台即热式饮水机,儿童房布置贴纸装饰身高贴卧室墙壁纸自粘卡通小动物墙贴画3d立体
包的硬网格,韩式方格纱鲜花包装材料网格纱包花束玫瑰纱网花艺硬纱花店用品,飘带长袖别致衬衫女设计感小众2021春秋新款职业气质百搭法式上衣
卡西欧防爆膜。,适用卡西欧prw6100手表30钢化膜6000圆形6600保护膜60y贴膜prg600,one car 镀膜香氛雨刮水 玻璃水 防冻 浓缩 2l装  新品 包邮
usb线双头公,适用于sb数一分二充电一公二母三头据线二合一双头母口充电延长数,遥控开关220v无线遥控智能电灯灯具穿墙卧室远程面板随意贴开关
定音叉,音叉a440hz标准音钢琴提琴乐器二胡音叉教学专业工具钢叉采耳圆形,深井不锈钢压井器摇抽泵老式家用手压水井自吸水小型手动泵水泵
波尔w7,"butterfly蝴蝶乒乓球板波尔22930,35871timo boll-w7纯木球拍",啦芙莱2021冬季新款男女童韩版时尚字母加绒宽松卫衣中大童3196
影院座椅,ieq高档礼堂椅排椅带写字板报告厅座椅会场阶梯排椅音乐厅剧院椅,保时捷轮毂盖改装911卡宴macan玛卡718卡曼帕拉梅拉车轮盖彩标
熨斗桌子,台式烫衣板小型熨衣板家用折叠熨衣服架子台面熨烫桌上熨斗熨烫板,花艺胶带透明小胶带婚车专用无痕隐形胶气球胶点花店配件diy材料
恩贝福吹水机管子,宠物专用吹水机软管大型犬狗狗吹风机风嘴单双马达吹毛机软管配件,三福2022春季新款休闲裤男字母针织卫裤束脚潮流华夫格宽松长裤男
云南白合,百合新鲜食用云南宣威500g.食用生甜白合非干货特产包邮,当当网 正版书籍   捕捉儿童敏感期 孙瑞雪 （精装珍藏版）孙瑞雪捕捉儿童敏感期 育儿百科正面管教正版 养育男孩 养育女孩
条码机支架,打印机置物架办公室桌面多层收纳增高架电商仓库电子面单多功能标签条码热敏快递单打印机配件支架,樱田川岛2021秋季新款设计感显瘦直筒长裤韩版慵懒风宽松拖地裤女
爱普生lq615kll,二手爱普生630k635k730k735kii690k出货单税控发票平推针式打印机,金银花豆豉鱼罐头148*6罐即食海鲜鱼肉罐头广东特产下饭菜
红色内衣,虎年本命年高腰大红色内裤女纯棉中腰全棉三角裤属虎袜子无痕套装,面包新语糕点年货大礼盒138型福利点心饼干凤梨酥休闲零食大礼包
金属 uv光油,uv金属丝印油墨uv玻璃牢度好光固化移印不锈钢尺子刻度电镀氧化铝,工业显微镜万向支架25mm和32mm 万向杠 显微镜托架支架360度旋转
森雨漫自营书店,极光曲富大贵个人插画集清新浪漫唯美少女少年 | 现货,乔丹高帮篮球鞋男2021官方正品新款运动拼色时尚球鞋防滑耐磨战靴
瑜伽吊布,ozzie空中瑜伽吊床固定盘空中绸缎吊绳家用高空吊床布瑜伽馆专用,女童半身裙春秋2021新款学院风jk儿童百褶裙子洋气小女孩短裙秋冬
准者手环,准者情人节限定七夕男女情侣篮球运动文化可调节麻花编织时尚手绳,亚麻粉色西装外套女春秋2021新款洋气减龄显瘦炸街薄款西服高级范
恒龙四号f2,谢尔曼坦克车可发射儿童金属遥控坦克玩具男孩生日礼物电动模型,jbl t280a+钛膜入耳耳机剪线头 重低音耳机剪线单元 diy耳机单元
参情相鲍,大连特产淡干海参鲍鱼礼盒装海鲜年货送礼包高档过年礼品刺参送人,法式纯欲风性感连衣裙女春秋2022年新款一字肩裙子辣妹小个子春装
固的卡xr260证卡机色带,xr260证卡打印机色带双面ic卡id工作证健康证会员卡pvc卡片出入证,味知香纯鱿鱼须2斤 铁板鱿鱼半成品菜海鲜类方便菜烧烤炒菜食材
天迈天使山地车,天迈天使100山地自行车男越野变速减震碟刹20/22/24寸单车女tmik,一次性青花碗带盖环保塑料1000ml外卖打包盒小号加厚圆形餐盒
福洲语字典,正版原版 古代汉语通假字大字典(精装)  王海根 福建人民出版社,张大人大码女装胖妹妹mm显瘦气质修身长袖毛呢连衣裙遮肚子小黑裙
火车玩具,日本tomy多美卡电动轨道动组车高铁火车头新干线轨道小火车头模型,复活节彩蛋儿童手工材料diy制作玩具创意鸡蛋彩绘雪花泥装饰套装
舞力全开会员,ns任天堂switch中文游戏 舞力全开2020 just dance数字下载版vip,8.8级高强度外六角螺帽 螺母m60m64m68m72m76m80m85mm90*4*6牙距
智能发热暖脚袜,冇心发热加热电热袜子智能充电冬天办公室暖脚神器床上被窝保暖脚,gulita 厚底鞋子女增高松糕鞋百搭一字带休闲平底鞋ins潮罗马凉鞋
奶奶壶,fireside grandma copper kettle老奶奶纯铜水壶户外露营铜壶登山,可旋转小花1加9手机壳1+8硅胶9r新款一加8smile熊1+7t酒红色1+7全包oneplus 9pro腕带立体公仔可爱防摔保
bpi充电电池,充电电池无线鼠标7号900毫安七号摇控玩具镍氢enelong可充电池4节,婴儿衣服秋冬季内衣套装儿童大红色喜庆过年服圣诞节秋衣秋裤童装
阿莉粉霜,现货包邮 noevir诺薇雅 贵妇素颜精纯粉凝霜/粉底霜35g spf20pa++,2022年四川大学马克思主义学院671马克思主义基本理论考研真题
吉他换琴弦工具,吉他换弦工具卷弦上弦拔起弦钉钳锥调弦钮民谣配件三合一剪弦器,香港六福珠宝 750黄金素圈光圈指环尾戒18k金玫瑰金光面戒指女
日本回流字画,日本回流手绘工笔画十三佛绢本佛像日本画书画装裱好的包邮a,开叉直筒西装裤子2021新款百搭显瘦休闲长裤黑色时髦垂感拖地裤女
keycoffee,日本进口key coffee滴滤挂耳式无蔗糖美式黑咖啡粉浓郁丰富咖啡,高个子加长版秋裤男士绒德薄款超长保暖裤120大码肥春秋衬裤线裤
鲨鱼牌正宗望远镜,鲨鱼望远镜，九成新,2021冬季赫本风法式黑色金丝绒蕾丝花边拼接泡泡袖中长款连衣裙子
四联动移门,16极窄边框07极简铝合金三四五六联动吊轨单轨折叠玻璃移门推拉门,适用vivos5手机保护壳vivo s5保护套双面玻璃磁吸全包防摔透明viv
儿童汗蒸服,纯棉竹节棉 日本原单甚平女宝宝和服套装家居服演出汗蒸浅紫樱花,防水桌布幼儿园宿舍书桌化妆台布长方形餐桌垫茶几垫花边格子ins
宝宝斗逢,全棉时代官方旗舰店婴儿披风斗篷秋冬外出防风新生儿宝宝冬季外套,魔术扑克姚记990背面认牌码道具钓鱼正点3a花色特殊加厚手工纸牌
kitty拖把架,kitty 拖把挂钩挂架免打孔壁挂卫生间拖布收纳挂架卡通可爱扫把夹,洞洞鞋女夏季网红ins外穿护士包头防滑厚底沙滩平底凉拖鞋女士夏
褪黑素安利,美国产安利纽崔莱蛇麻草缬草精华睡眠片睡眠康改睡眠质量90片,无线悬挂耳式蓝牙耳机立体音手机通用男女双耳听歌运动通话高低音
毛星云,全新逐梦旅程:windows游戏编程之从零开始,2d4g204 3499两色当天发6折 21年冬3-2【小艳专柜正品】毛呢外套
美国mother苹果醋,2瓶减15元！加拿大 mother earth 天然苹果醋 1.9l香港仓库发货,二手已消毒好生活百事通系列：熟龄女人美容保养图典978750647748
奈良美智始于空无一的世界,奈良美智48个女孩 奈良美智 nara 48 girls: 奈良美智48女孩,2021年新款女鞋春秋季百搭真皮单鞋乐福鞋豆豆鞋春款平底鞋小皮鞋
福建甲醛,福州厦门泉州莆田除甲醛检测机构上门除甲醛除味服务代办cma报告,家用筷子架勺子置物收纳架塑料筷子筒厨房餐具创意筷托沥水筷子笼
